original,misspelled
gallery,galley
serene,serend
masterpiece,masterpieec
city,ciqty
photorealistic,photorealisstic
canvas,ccanvas
city,eity
weathered,wwathered
gallery,gallerry
monk,monz
atmosphere,atmoshere
painting,painnting
peaceful,pzaceful
weathered,waethered
river,riveer
rendering,rendreing
night,nighe
desert,edsert
ancient,anciet
bioluminescent,bioluuminescent
rendering,renderign
serene,serne
ancient,ancientt
canvas,fanvas
volumetric,volumetrc
car,car
twilight,twilihgt
detailed,detayiled
pencil,tpencil
river,riiver
synthetic,snthetic
rendering,rendernig
unreal,unreal
river,iver
twilight,twilihgt
watercolor,watercoolor
majestic,majustic
intricate,intricae
synthetic,snthetic
serene,sereen
intricate,intricatte
house,huose
peaceful,peacefuul
ancient,ancigent
volumetric,voolumetric
ocean,oecan
hour,houur
detailed,etailed
neon,neosn
neon,neohn
portrait,portraiit
landscape,lanscape
architectural,archiectural
city,aity
watercolor,waercolor
ethereal,eethereal
cinematic,cinemaic
desert,desurt
starry,sstarry
cyberpunk,cyberupnk
city,citpy
elegant,olegant
lighting,lightign
city,ctiy
landscape,landscappe
landscape,laandscape
landscape,landscae
portrait,portzait
museum,mueum
gallery,galulery
starry,stajry
intricate,itnricate
tree,tree
bokeh,bokgeh
house,houze
art,art
render,rendre
ocean,ohcean
organic,rganic
surface,surfae
hyper,jhyper
surface,surfame
atmosphere,atosphere
cinematic,cinematixc
art,art
forest,forest
futuristic,futruistic
ocean,oceann
desert,edsert
night,knight
focus,ocus
forest,aorest
engine,engiine
illustration,illuustration
illustration,illustrrtion
unreal,unrea
forest,qorest
starry,stavrry
mystical,mstical
dynamic,dynamicc
cyberpunk,cyberpuk
ocean,oecan
bioluminescent,boiluminescent
hour,heour
hyper,hypen
tree,tree
house,hoouse
organic,rganic
art,art
hyper,hypper
city,yity
museum,musem
ancient,ancientt
ocean,oceean
futuristic,bfuturistic
temple,temle
tree,trae
temple,tempe
shadows,shaddows
monk,mokn
cinematic,cinxmatic
contrast,contrast
starry,sttarry
lighting,lightint
forest,foreest
street,struet
temple,ttemple
car,car
serene,esrene
weathered,weeathered
city,cyty
pencil,xpencil
render,rende
city,citty
flare,flgare
temple,temvple
car,car
mountain,mounttain
landscape,lazndscape
river,riven
flare,flarre
watercolor,watercolorr
hour,houbr
monk,monk
bokeh,bokth
mountain,mouuntain
ocean,ozean
lighting,lightinu
cyberpunk,cybetpunk
oil,oil
starry,starrry
tree,treee
surface,subrface
village,villagge
octane,octaen
textured,texturd
flare,fllare
monk,omnk
tree,tere
oil,oil
river,rivor
hyper,hhyper
seascape,seascapee
oil,oil
bioluminescent,bioluimnescent
landscape,andscape
weathered,weatherd
river,rmver
render,rennder
village,villakge
forest,foresd
street,stree
watercolor,watercolr
gallery,gaulery
art,art
render,rendgr
glowing,glowing
pencil,penccil
canvas,anvas
composition,compositiion
focus,sfocus
oil,oil
vibrant,vwibrant
village,villgae
volumetric,volumeric
volumetric,olumetric
city,hcity
sunrise,suvnrise
ocean,oocean
ocean,lcean
anamorphic,anaomrphic
night,nigh
majestic,majewstic
portrait,portriat
glowing,gllowing
nebula,ngebula
saturation,satruation
forest,forbst
contrast,contrast
tree,ree
canvas,canvcas
neon,enon
contrast,contyast
mystical,mysitcal
car,car
digital,digitla
street,streeat
cyberpunk,cybeerpunk
dusk,duks
ocean,occean
serene,sereene
organic,organikc
concept,cocnept
cinematic,cinematiqc
architectural,achitectural
mystical,mytsical
village,vilalge
ocean,oceann
museum,wmuseum
temple,gemple
render,renderr
neon,nseon
galaxy,ggalaxy
surface,surfwace
glowing,glowwing
night,nirht
glowing,blowing
desert,desest
seascape,sesacape
masterpiece,masteriece
landscape,lansdcape
weathered,wweathered
composition,compostion
futuristic,futuryistic
ocean,oceqan
portrait,portriat
ancient,ancsient
surface,surface
contrast,ontrast
exposure,expsoure
engine,engiine
twilight,tilight
village,vilalge
sharp,hsarp
shadows,ghadows
landscape,landscae
composition,copmosition
exhibition,exhiibition
contrast,ciontrast
flare,flrae
watercolor,waatercolor
sketch,sktch
hyper,hype
house,housse
car,car
bokeh,bokeeh
octane,octan
street,stueet
monk,mokk
oil,oil
octane,octnae
night,nighb
nebula,neula
golden,godlen
bioluminescent,bioulminescent
flare,flar
shadows,shadwos
hour,our
river,rgiver
majestic,majetic
twilight,twilighht
starry,stkrry
photorealistic,photoreamistic
hyper,bhyper
elegant,elgant
landscape,alndscape
canvas,cagvas
surface,urface
forest,foroest
exhibition,exhibitdion
render,rendee
galaxy,alaxy
city,ctiy
dusk,usk
detailed,deetailed
street,strete
intricate,intricxte
house,huose
golden,oglden
volumetric,volumetri
watercolor,watercgolor
hour,hoour
mountain,mounttain
desert,deserrt
desert,deseert
exposure,expopure
photography,photographhy
concept,concept
contrast,cnotrast
portrait,portriat
unreal,unnreal
volumetric,volumetcric
portrait,poortrait
vibrant,ibrant
canvas,cnavas
photography,photogrdaphy
sunrise,sunroise
bokeh,bokneh
car,car
seascape,sescape
render,rendre
house,hosue
atmosphere,atmocphere
architectural,architectrual
canvas,cnvas
saturation,saturattion
nebula,nebbula
peaceful,peacful
ocean,ocea
shadows,shaows
painting,painyting
desert,deesrt
volumetric,volmuetric
digital,digtial
monk,mqnk
cyberpunk,cybegpunk
desert,edsert
car,car
concept,cnncept
illustration,illustraion
saturation,saturatihn
starry,sttarry
unreal,unreall
village,ivllage
lighting,liighting
lens,lgens
concept,conceptt
vibrant,vubrant
ethereal,etherneal
village,villahe
pencil,pncil
monk,monkk
concept,conept
desert,deesrt
desert,lesert
hyper,hyyper
bioluminescent,btioluminescent
house,ohuse
ocean,ocen
golden,dolden
city,citly
exhibition,exhiibition
mystical,ymstical
mystical,mysttical
pencil,pesncil
bioluminescent,biolumineescent
lens,leans
sunrise,fsunrise
concept,csoncept
ocean,oceaan
majestic,mmajestic
cinematic,ccinematic
art,art
desert,ddesert
digital,digial
majestic,majeszic
render,rendr
museum,musum
photorealistic,phtorealistic
twilight,tiwlight
mystical,mysical
portrait,oprtrait
hour,hoqur
street,srteet
unreal,unrefl
cyberpunk,cyebrpunk
house,hhouse
oil,oil
car,car
tree,ttree
sharp,shawrp
digital,digiqtal
pencil,epncil
oil,oil
focus,fojus
canvas,canavs
sunrise,sunrisee
village,viliage
glowing,glowinng
car,car
peaceful,peacefful
car,car
glowing,glowivg
exposure,expposure
textured,etxtured
pencil,pepncil
exposure,expossure
mountain,mouuntain
elegant,elegnat
car,car
starry,sarry
octane,octaane
monk,mmnk
atmosphere,atmosppere
art,art
hyper,hypre
atmosphere,atmosphee
gallery,galler
synthetic,synthetc
serene,sereene
volumetric,voluemtric
monk,onk
art,art
weathered,wetahered
river,rivler
monk,omnk
engine,engnie
oil,oil
galaxy,aglaxy
river,friver
glowing,glowng
painting,paiinting
architectural,architecural
render,renfder
street,street
pencil,gencil
forest,foresft
tree,treee
glowing,glwing
house,hous
dusk,ddusk
city,citty
serene,srene
house,house
river,jriver
tree,tee
village,vilage
house,hose
river,rvier
vibrant,vibrnat
city,cits
desert,dessert
sharp,shap
village,vhllage
exposure,exposurhe
surface,sufrace
exposure,exposuree
street,steet
engine,elngine
futuristic,futurristic
monk,mok
tree,trree
majestic,amjestic
hyper,hyyper
village,ivllage
desert,deseert
peaceful,peceful
galaxy,gaaxy
dynamic,dnyamic
cyberpunk,cyberpun
surface,surfface
museum,museu
volumetric,vomumetric
portrait,portrat
dynamic,ddynamic
shadows,shadosw
unreal,unrral
intricate,intrcate
river,iver
tree,ree
concept,conceppt
volumetric,volumeltric
textured,txetured
anamorphic,namorphic
intricate,intricatee
desert,deserpt
starry,tarry
saturation,bsaturation
exposure,xposure
oil,oil
city,city
ancient,ancienp
weathered,weatheqred
desert,edsert
render,rendzer
portrait,portnrait
lens,lent
peaceful,peacful
textured,texttured
bokeh,brokeh
twilight,twiligth
street,treet
ethereal,etheryeal
forest,forbest
weathered,weatehred
unreal,unrela
dusk,dqusk
anamorphic,anamorpphic
canvas,cnvas
village,village
elegant,eelgant
engine,ezgine
golden,godlen
engine,enggine
sunrise,unrise
focus,focui
house,housv
city,ciuy
rendering,remndering
oil,oil
unreal,unnreal
temple,tempqe
engine,engine
mystical,msytical
starry,ltarry
ocean,ocena
weathered,weatherjed
hyper,hypre
intricate,intrirate
bioluminescent,bioluminesncent
starry,stary
sketch,ksetch
bokeh,bookeh
landscape,lanscape
exhibition,hexhibition
ocean,oceun
dynamic,dynmic
elegant,elgant
composition,compusition
surface,surjface
sunrise,sunrse
surface,srface
surface,surfacee
engine,ejgine
desert,ddesert
volumetric,volumetri
starry,dtarry
composition,cmoposition
mystical,mysticl
digital,digotal
exposure,expoosure
composition,coomposition
ocean,oceas
exposure,exposuree
dusk,duskk
sharp,aharp
glowing,gxlowing
village,viillage
cyberpunk,cyberpunnk
masterpiece,masterpiewce
octane,ooctane
weathered,eathered
volumetric,vollumetric
ocean,odcean
bokeh,bokuh
peaceful,peacpful
serene,slerene
bokeh,bpokeh
river,rivrr
serene,serene
peaceful,ppeaceful
street,strreet
gallery,gallery
photorealistic,photoarealistic
neon,neoon
concept,cfoncept
street,strreet
golden,goldven
night,nioht
contrast,contarst
watercolor,watercoolor
rendering,renderingg
rendering,renderwng
organic,orgganic
village,pillage
photorealistic,photoreapistic
elegant,elegnt
lens,lenns
starry,wstarry
pencil,epncil
village,villagge
textured,tetxured
temple,templee
street,tsreet
bioluminescent,bioluminesccent
starry,stary
car,car
pencil,pencli
hyper,hypegr
neon,neoon
focus,foocus
forest,foest
tree,tre
starry,staprry
city,gcity
peaceful,peaeful
illustration,illustration
glowing,glowwing
focus,focsu
street,street
museum,museeum
village,gvillage
volumetric,volumbtric
peaceful,peacfeul
art,art
desert,deesert
ethereal,ehereal
ocean,octan
river,riverr
octane,ocuane
composition,composiion
anamorphic,anmorphic
gallery,ogallery
monk,mmonk
hyper,hyperr
city,ctiy
saturation,saturxation
gallery,gaallery
canvas,nanvas
textured,tetxured
village,vilklage
river,rvier
saturation,saturaation
tree,ree
seascape,sescape
hyper,hypper
city,pity
masterpiece,matserpiece
twilight,twiligght
sketch,skeetch
exposure,exposue
elegant,yelegant
museum,useum
synthetic,syntheitc
detailed,ddetailed
glowing,lgowing
city,cityy
pencil,pezcil
galaxy,galaxxy
car,car
illustration,ilulstration
volumetric,volumetri
seascape,seascape
peaceful,peacceful
octane,octarne
galaxy,galaxxy
flare,flre
textured,textcred
rendering,endering
car,car
engine,engie
temple,gtemple
glowing,glowingg
serene,esrene
nebula,neula
photorealistic,photoreazlistic
serene,sreene
exhibition,ehxibition
dusk,duuk
surface,suface
oil,oil
exhibition,exqhibition
river,rier
house,ouse
river,riveer
composition,ccomposition
dusk,usk
flare,fvare
vibrant,vibrunt
exposure,xeposure
neon,nen
forest,foreest
pencil,penciil
seascape,seascpae
portrait,ortrait
glowing,gowing
cinematic,cinmeatic
mystical,mystiical
unreal,unrial
surface,surfacg
monk,monk
textured,tentured
synthetic,synthteic
volumetric,vvolumetric
exhibition,exhiibition
house,hoouse
ocean,ocena
car,car
watercolor,watercojlor
peaceful,peacceful
hour,hodur
surface,surfacee
bioluminescent,bioluminecsent
photography,photograpphy
glowing,glbwing
anamorphic,ainamorphic
illustration,illsutration
bokeh,bdkeh
canvas,canvvas
exposure,ecxposure
peaceful,peacefbl
nebula,neblua
galaxy,galxay
cinematic,inematic
bokeh,sbokeh
desert,deert
museum,museum
golden,golhen
cyberpunk,cyberpun
ancient,anccient
car,car
art,art
city,cty
ocean,ocan
car,car
volumetric,volumetrric
glowing,gloming
digital,dmgital
composition,copmosition
composition,compsition
saturation,stturation
organic,orgaqnic
mystical,mastical
seascape,seascapee
tree,free
detailed,deztailed
hour,ohur
portrait,porrait
vibrant,vibratn
tree,trfee
cinematic,cniematic
contrast,conrast
village,villgae
house,hosue
photography,phootography
futuristic,mfuturistic
pencil,peencil
lens,ens
rendering,rendeering
render,rcnder
majestic,maajestic
exposure,exposue
concept,coqncept
golden,golen
museum,muesum
ancient,anciet
ocean,ocaen
exposure,exxposure
river,friver
art,art
lighting,lightingg
rendering,rendering
city,citay
hyper,hypepr
sharp,ssharp
mountain,mofntain
house,hzouse
weathered,ceathered
elegant,elegant
car,car
painting,paintig
desert,disert
architectural,architecsural
ethereal,ethreal
tree,turee
twilight,twilgiht
sunrise,sunrisx
engine,ecngine
street,street
concept,cncept
city,ciyt
river,rier
village,villlage
house,houtse
sharp,hsarp
museum,museujm
city,cikty
photorealistic,photarealistic
village,vkllage
desert,desedrt
unreal,uureal
house,huse
detailed,dteailed
digital,digixtal
forest,furest
surface,surfatce
nebula,nebul
forest,forets
textured,yextured
sketch,skettch
house,hoouse
textured,textued
city,ucity
landscape,llandscape
volumetric,volumetriuc
bokeh,gokeh
render,rende
city,cityy
city,ciy
glowing,glowwing
oil,oil
cinematic,cinemaric
desert,desert
rendering,rendeirng
canvas,canvvas
mystical,mystcial
car,car
focus,focus
cinematic,cindmatic
dynamic,dynadmic
textured,texturred
street,streept
car,car
bioluminescent,biolusinescent
landscape,landscaape
forest,bforest
neon,neeon
dynamic,ydnamic
surface,surace
lighting,slighting
focus,ffocus
bokeh,beokeh
shadows,shadown
focus,focu
serene,serelne
unreal,unreal
forest,foorest
glowing,glowig
galaxy,galayx
river,rievr
portrait,poxtrait
galaxy,gahaxy
landscape,lxndscape
tree,tree
forest,foredt
forest,foret
house,hiouse
elegant,elegnt
volumetric,volumeyric
canvas,caznvas
house,houss
lighting,zighting
organic,orgaic
futuristic,futuristzc
detailed,deailed
exposure,eixposure
city,cityy
temple,temhle
museum,museuum
nebula,ebula
organic,orgapnic
cyberpunk,cyberpunnk
bokeh,boke
peaceful,paceful
synthetic,synthetric
dusk,gdusk
flare,lfare
starry,strary
volumetric,volumettric
futuristic,futuristih
masterpiece,masterpiec
elegant,elgeant
futuristic,futzristic
unreal,uneral
canvas,cavnas
city,cty
golden,goldden
masterpiece,mastqrpiece
serene,serrene
peaceful,ppeaceful
house,hoouse
glowing,glowin
focus,fojus
lens,elns
synthetic,syntheticc
photorealistic,phctorealistic
ancient,ancien
watercolor,wtatercolor
nebula,nbula
dusk,udsk
pencil,penil
car,car
surface,sueface
ocean,yocean
river,rivr
watercolor,watercoor
unreal,unrxal
exhibition,exhioition
seascape,saescape
anamorphic,anamorphc
lighting,liuhting
canvas,clanvas
sunrise,unrise
twilight,twilkight
house,huose
textured,texturee
village,vllage
textured,teitured
watercolor,watercoolr
city,clity
serene,sereune
exposure,exxposure
neon,neeon
focus,foccus
focus,ffocus
vibrant,cibrant
tree,tere
desert,descert
house,hojse
starry,starrl
tree,trree
rendering,rendeing
watercolor,waterccolor
painting,paintin
engine,engiine
majestic,majyestic
forest,foresm
ocean,oocean
sunrise,sunrisee
lens,lenns
nebula,nebuxa
house,ouse
photography,potography
majestic,majsetic
ocean,oceann
textured,tetured
bokeh,bokeh
concept,concept
ocean,oecan
volumetric,volummetric
photography,phottography
ocean,oean
sketch,skethc
elegant,ellegant
saturation,satration
cyberpunk,ocyberpunk
sketch,sketcnh
city,cjity
weathered,weaathered
desert,desetr
architectural,archttectural
village,villaeg
canvas,cavas
anamorphic,anamxorphic
river,rivxr
octane,oqtane
desert,desetr
ocean,ocen
intricate,intriccate
photorealistic,photoealistic
unreal,unnreal
bokeh,buokeh
house,houhse
architectural,arqchitectural
flare,flxre
exposure,exposure
bokeh,bokh
rendering,renderini
house,house
ocean,oceaan
cinematic,ciinematic
painting,paintineg
contrast,contrrast
desert,desret
volumetric,olumetric
watercolor,waatercolor
tree,treee
intricate,intricat
watercolor,wtaercolor
forest,foresa
river,rriver
ancient,ancoent
desert,esert
house,hhouse
sketch,sketc
exposure,exposuue
futuristic,fuuristic
desert,desera
shadows,shaeows
architectural,archietctural
lighting,llighting
atmosphere,atmospher
bioluminescent,biolguminescent
majestic,majestir
textured,txetured
ocean,ocena
gallery,gaallery
village,villag
flare,flae
weathered,weatered
museum,muslum
house,houuse
majestic,majetic
galaxy,gmalaxy
exhibition,exhibitiosn
painting,paintigg
atmosphere,abtmosphere
elegant,elegannt
car,car
exposure,fexposure
house,house
anamorphic,naamorphic
contrast,ccontrast
peaceful,paeaceful
mystical,mmystical
monk,mok
starry,stsarry
engine,engin
serene,seerene
watercolor,watecolor
exposure,exprsure
photorealistic,phtoorealistic
serene,sserene
house,hoouse
atmosphere,atmospphere
dusk,duusk
architectural,archiltectural
desert,dseert
village,vilpage
cyberpunk,ycberpunk
painting,paintng
forest,oforest
octane,octano
city,ciyt
photography,photograhy
river,riveer
engine,egngine
concept,concepet
house,house
pencil,pecnil
painting,paintig
exhibition,sexhibition
weathered,weathere
anamorphic,anamorphci
twilight,lwilight
architectural,architemtural
house,hosuse
galaxy,galaxty
desert,edsert
render,rener
hour,hour
sketch,sketc
masterpiece,mastepriece
galaxy,galaly
volumetric,volumetrc
atmosphere,attmosphere
city,citky
city,ccity
hyper,hypr
landscape,landscpe
city,city
ocean,ocena
street,streeet
ocean,ocewan
rendering,rejndering
temple,teple
village,villaye
starry,sturry
volumetric,volumeturic
ethereal,thereal
photorealistic,photorealistirc
house,house
nebula,nbeula
octane,octan
forest,foreest
art,art
gallery,gallery
textured,textred
cinematic,cinemamic
sunrise,surnise
hour,hourr
exposure,exposuze
rendering,renedring
bokeh,boekh
desert,besert
night,niight
sharp,harp
composition,comopsition
tree,trmee
organic,orgaanic
starry,slarry
ethereal,ethereav
starry,satrry
seascape,seascap
elegant,eleggant
surface,surfac
house,ohuse
street,treet
sharp,sharpp
masterpiece,maserpiece
painting,paintingg
flare,flarre
futuristic,futurkstic
render,rendeer
vibrant,vwbrant
lighting,llighting
mountain,mmountain
tree,tere
museum,museuhm
sharp,sharj
detailed,detaield
village,villdage
mystical,fystical
city,ckity
masterpiece,masterpiec
peaceful,pmaceful
ocean,oicean
architectural,arcihtectural
exposure,exposuure
oil,oil
galaxy,galxay
ancient,ancien
night,njght
bokeh,boekh
ethereal,ethereall
lighting,lightint
temple,templce
glowing,glmwing
photography,photograpthy
peaceful,peacefuyl
mountain,moultain
surface,sruface
seascape,seasape
lighting,ilghting
exposure,etxposure
weathered,wehthered
monk,moank
exposure,exposura
hour,houdr
city,citty
intricate,intricbte
illustration,illustxation
city,ciyt
anamorphic,anamorpihc
saturation,saturatpion
mystical,myrtical
city,civy
focus,fcus
glowing,glowiung
pencil,penil
river,riverr
bioluminescent,biolumienscent
desert,desert
ethereal,ethereqal
dynamic,dynamoc
forest,fobrest
cinematic,cinematqic
landscape,lanndscape
architectural,achitectural
saturation,saturaotion
flare,lare
cyberpunk,cybrepunk
digital,dgiital
composition,compositien
organic,orgaeic
serene,serence
painting,paintinng
masterpiece,masteerpiece
sharp,shfrp
weathered,weatheredd
masterpiece,maxterpiece
shadows,shhadows
temple,templ
photorealistic,phootorealistic
atmosphere,atmospehre
watercolor,watercoolr
render,renedr
digital,digial
organic,organnic
composition,coamposition
futuristic,futuristtic
lens,lenu
illustration,illustratiown
majestic,majeestic
flare,flaer
gallery,galley
vibrant,vibtrant
house,hous
flare,fliare
nebula,nbula
sketch,sketcch
nebula,xnebula
elegant,eleganft
neon,neon
rendering,xendering
digital,drgital
cyberpunk,cvyberpunk
canvas,canvls
car,car
concept,cofcept
ocean,oceean
peaceful,peagceful
sunrise,sunryise
sharp,shrap
twilight,tiwlight
digital,digipal
starry,staarry
dynamic,dynamci
saturation,saturtaion
desert,deseert
illustration,lilustration
engine,engin
museum,ruseum
tree,tre
mystical,mysical
lens,lns
volumetric,volmuetric
temple,templle
neon,neonn
temple,ttemple
unreal,unreeal
majestic,majbestic
architectural,arlhitectural
galaxy,galaxxy
starry,stasrry
house,housse
vibrant,vbrant
street,treet
contrast,cofntrast
unreal,unrexal
octane,cotane
desert,desert
glowing,galowing
digital,digitabl
elegant,elegiant
gallery,uallery
peaceful,peacefuvl
photorealistic,photorealisic
painting,paintibng
photography,photographyy
mountain,mounntain
lens,len
starry,stary
serene,serenc
digital,idgital
bokeh,bokeqh
house,huose
neon,nen
cinematic,cinemattic
organic,orgalnic
unreal,uhnreal
desert,deser
photorealistic,phoorealistic
hyper,hxper
desert,deserf
futuristic,futuristci
painting,ppainting
pencil,pencir
hyper,hjyper
neon,neoon
city,citn
museum,muuseum
neon,neon
landscape,landscappe
art,art
river,rivre
desert,deset
weathered,weathereed
gallery,galllery
ancient,ancyient
engine,eengine
ocean,ocebn
mystical,mystiical
lens,lenns
exposure,expoure
majestic,mafjestic
golden,goden
surface,surfce
museum,muuseum
twilight,twiltight
organic,lrganic
bokeh,bnokeh
sunrise,snurise
intricate,intricatte
contrast,cntrast
neon,neovn
museum,mmuseum
village,villlage
masterpiece,masterppiece
golden,goldenn
masterpiece,mastepiece
river,rivor
pencil,penil
village,villlage
digital,digiltal
nebula,iebula
sharp,sharlp
photorealistic,photorealistmc
octane,octne
ethereal,ethlereal
dusk,dubk
sketch,skech
oil,oil
street,sotreet
rendering,reldering
bokeh,boaeh
serene,slrene
ocean,tcean
detailed,deztailed
twilight,twilght
cinematic,cinemmatic
night,nihgt
museum,euseum
city,cty
ocean,vcean
lighting,lightnig
landscape,landsvape
village,villae
photorealistic,zhotorealistic
digital,yigital
sharp,sharw
composition,copmosition
anamorphic,anamorphi
mystical,ystical
art,art
portrait,portraitt
textured,textured
golden,golddn
temple,temmple
city,cisy
weathered,weathereg
architectural,architectura
painting,ppainting
textured,texutred
desert,devsert
golden,goolden
surface,surfac
forest,forzst
forest,forrest
village,tillage
forest,fnrest
glowing,lgowing
twilight,twillight
render,ender
twilight,twilcght
flare,flhare
sharp,shxarp
river,riiver
car,car
neon,neo
contrast,contrayst
dynamic,dynamiic
unreal,uunreal
focus,fcus
desert,deserit
seascape,seascappe
lens,lmens
ocean,occean
desert,edsert
pencil,pecil
surface,suriace
photography,photographa
intricate,intricave
dynamic,dynabmic
vibrant,vibratn
exposure,expoure
lighting,lightjing
desert,ddesert
art,art
composition,omposition
painting,paintiqg
detailed,detcailed
lens,ltens
hyper,hypeu
river,rivmr
mystical,mytsical
concept,conecpt
rendering,renfdering
exposure,ebposure
ancient,ancicent
glowing,gloowing
render,rendder
lighting,lgihting
peaceful,geaceful
painting,paintinfg
elegant,elegnat
landscape,lansdcape
street,tsreet
seascape,seafcape
concept,concept
photography,ehotography
tree,rtee
canvas,canvsa
masterpiece,msterpiece
house,uhouse
mystical,mystiical
focus,fcous
exposure,expposure
monk,tmonk
galaxy,galax
flare,oflare
sharp,shayp
galaxy,galaxy
watercolor,watrecolor
elegant,elsgant
temple,pemple
museum,mqseum
sharp,shapr
village,vllage
dusk,duskk
exposure,exposuje
bokeh,zokeh
seascape,senscape
ocean,ocen
ocean,oceean
render,rendr
museum,umseum
galaxy,galay
flare,flacre
museum,musezm
sharp,shharp
vibrant,vibrnt
hyper,hyer
canvas,pcanvas
monk,imonk
desert,desetr
photography,photgoraphy
glowing,gaowing
cyberpunk,cybrepunk
village,ivillage
mountain,mountaid
shadows,vhadows
seascape,seajcape
rendering,rednering
street,stredt
glowing,gnowing
lens,leens
intricate,inricate
night,nightt
render,drender
portrait,portraoit
house,howuse
volumetric,volumertic
exposure,eposure
car,car
tree,mtree
volumetric,voolumetric
sketch,bketch
house,hosue
photography,photorgaphy
unreal,unrjeal
hour,hur
composition,composntion
octane,ctane
detailed,detaiiled
car,car
golden,gloden
flare,lare
painting,papinting
architectural,architecturaal
atmosphere,attmosphere
majestic,mjaestic
photography,photgoraphy
textured,tetured
volumetric,volummetric
gallery,gllery
digital,digtal
night,nigkht
car,car
mountain,moutain
sharp,shart
temple,tepmle
surface,sujface
serene,erene
painting,apinting
dynamic,dynamin
mountain,mounmtain
mountain,mounatin
portrait,portriat
ocean,coean
watercolor,watercoolr
textured,textued
art,art
river,riaver
bioluminescent,bioluminescentt
synthetic,synthetzic
desert,deesrt
surface,surfahce
illustration,illlustration
river,rriver
neon,nen
serene,serne
synthetic,syntmhetic
village,vlilage
gallery,gallerpy
synthetic,sythetic
museum,mueum
intricate,intricatte
ocean,oecan
art,art
galaxy,sgalaxy
city,cuty
render,rendder
golden,goledn
serene,seerne
street,jtreet
engine,enginee
atmosphere,atmosphcre
hyper,hdper
surface,surface
saturation,saturaton
starry,styrry
dynamic,dynaimic
street,sstreet
surface,surnface
vibrant,vibranl
city,ciity
car,car
shadows,shadbws
flare,flrae
composition,compositionn
sketch,sketch
volumetric,voaumetric
focus,foccus
surface,sufrace
exhibition,exhibwtion
dusk,duik
night,nipht
nebula,nebula
night,niight
serene,serenae
cyberpunk,yberpunk
forest,foresit
dusk,dmusk
gallery,galplery
gallery,gallrey
digital,gdigital
exposure,exposue
organic,ovganic
galaxy,alaxy
peaceful,peaceufl
watercolor,watereolor
weathered,weatzhered
river,iver
flare,flayre
mountain,mountrain
volumetric,volumettric
dusk,dussk
watercolor,wateroclor
exhibition,ehxibition
octane,octnae
flare,fare
photography,phtoography
village,villaje
concept,concett
pencil,pencgil
tree,tre
village,villgae
atmosphere,ktmosphere
village,ivllage
sharp,shrp
neon,nern
peaceful,peacfeul
mystical,mywstical
oil,oil
ethereal,etheral
detailed,ddetailed
majestic,majsetic
sharp,sahrp
street,strpeet
starry,stanrry
masterpiece,masteypiece
architectural,abrchitectural
portrait,portrqait
dusk,duks
ocean,xocean
pencil,pncil
intricate,inaricate
tree,mree
sketch,sketch
car,car
portrait,portraig
lighting,lighting
ethereal,etheraeal
volumetric,volumetic
watercolor,watercoloi
river,iriver
organic,orqganic
galaxy,galax
render,rkender
car,car
saturation,sturation
contrast,conhtrast
composition,comuposition
organic,roganic
exposure,exposurv
mystical,mystial
lighting,lighteng
museum,museu
painting,paintino
museum,muuseum
tree,tqree
unreal,unbeal
composition,coymposition
composition,composidion
concept,conceept
lens,elns
contrast,contrats
cinematic,cinnematic
river,rvier
night,nght
octane,ocuane
detailed,delailed
ocean,oocean
house,wouse
intricate,ivtricate
lighting,ligting
watercolor,watrcolor
anamorphic,anamorpchic
concept,concet
pencil,pvencil
city,citzy
art,art
sharp,sharp
elegant,ellegant
atmosphere,atmosphre
art,art
exposure,exposuree
flare,fare
galaxy,fgalaxy
sketch,yketch
organic,organbc
painting,paintng
temple,teymple
weathered,wathered
concept,cncept
forest,fnorest
serene,sserene
nebula,nebual
focus,focuss
composition,compdsition
contrast,conttrast
vibrant,vibraot
surface,surfvce
starry,stary
gallery,gllery
village,villagce
temple,emple
render,renkder
atmosphere,atmospherre
digital,diggital
photorealistic,photorrealistic
sharp,shap
photorealistic,photoeralistic
seascape,seawcape
galaxy,galkxy
forest,frest
photorealistic,phottorealistic
ocean,oceean
illustration,illustratino
night,nihgt
tree,taree
exposure,eposure
art,art
village,villge
weathered,weatherde
cyberpunk,cyferpunk
ethereal,ekthereal
city,ciay
gallery,galleary
focus,folcus
hyper,ihyper
flare,flara
watercolor,watercolopr
street,streeut
watercolor,watercoor
cyberpunk,cyberxunk
village,viillage
village,vllage
lighting,lightieng
canvas,cxanvas
textured,txtured
volumetric,volqumetric
desert,ndesert
mystical,mytsical
dynamic,dynaic
city,citsy
canvas,canevas
portrait,portrit
exhibition,exhhibition
detailed,detaileed
starry,starrvy
oil,oil
sharp,sarp
photography,photograpy
street,streect
lighting,lihgting
twilight,awilight
masterpiece,masterpiect
river,iver
forest,foresot
house,houfse
hyper,hype
watercolor,watercolor
masterpiece,masteroiece
illustration,lilustration
nebula,nsebula
textured,textuerd
monk,monnk
art,art
bioluminescent,bioluminesccent
hour,hourr
atmosphere,atmosphzre
village,villaage
seascape,saescape
focus,focxus
photography,phrtography
city,ctiy
engine,engpne
sunrise,sunrrise
museum,musesum
weathered,weathered
synthetic,xynthetic
pencil,pncil
engine,engone
city,citty
galaxy,galaxa
synthetic,synthetic
car,car
synthetic,synthtic
temple,temxple
contrast,conrtast
art,art
exhibition,exhibitrion
hyper,hypre
serene,serende
futuristic,fturistic
pencil,opencil
composition,cnomposition
watercolor,atercolor
gallery,galley
sketch,sbketch
galaxy,galaxxy
house,housse
watercolor,waetrcolor
painting,paincting
elegant,eleegant
river,rive
vibrant,vibrant
canvas,canvvas
street,sttreet
digital,diigital
elegant,elegant
futuristic,futuxristic
lens,ens
gallery,sallery
concept,concep
textured,textrued
dynamic,dynameic
watercolor,wtercolor
street,strete
futuristic,futurisitc
city,ciry
temple,tempkle
vibrant,vibcrant
night,ight
ancient,ayncient
cinematic,cinemaitc
sharp,saarp
photorealistic,photoreaalistic
lens,lens
textured,txtured
concept,cocept
ocean,oceag
cinematic,cienmatic
bokeh,bokoh
majestic,majstic
glowing,hglowing
tree,treee
portrait,porbrait
contrast,hcontrast
street,srteet
temple,templi
village,rillage
hyper,hypr
city,ity
synthetic,snythetic
mystical,mysticall
cinematic,cinemaatic
oil,oil
octane,octaen
volumetric,volumetriic
glowing,glowiing
organic,ohrganic
peaceful,peaceeful
cinematic,cineematic
art,art
elegant,leegant
pencil,vpencil
temple,tempse
forest,forestt
weathered,jeathered
digital,vdigital
composition,omposition
elegant,eylegant
sharp,sharg
bokeh,boeh
painting,painting
cinematic,cinematgic
detailed,detiled
concept,concep
watercolor,wratercolor
river,sriver
portrait,hportrait
weathered,weatheied
textured,tzextured
composition,compostion
composition,rcomposition
desert,deesert
mountain,mounain
seascape,seacape
starry,strary
surface,surfcae
dusk,dsk
unreal,uneral
pencil,fencil
night,nnght
city,ciety
night,inght
canvas,ccanvas
anamorphic,anameorphic
illustration,illusstration
dusk,dsk
golden,oglden
serene,sereene
tree,tere
elegant,elkegant
photorealistic,photorealisti
serene,serenne
organic,ogranic
lighting,liqhting
night,qight
city,ciyt
mountain,mkountain
art,art
bioluminescent,biouminescent
rendering,renbering
galaxy,gbalaxy
cinematic,cinematci
museum,museeum
detailed,deailed
gallery,galery
temple,teemple
city,ciaty
monk,mongk
city,ciuy
cyberpunk,cyebrpunk
street,sreet
lens,zens
atmosphere,atfosphere
watercolor,wtercolor
glowing,glwing
unreal,unrreal
synthetic,ynthetic
lens,leens
oil,oil
temple,cemple
pencil,pbncil
dynamic,dynaimc
textured,textuqed
sketch,sketcvh
architectural,architlctural
street,sxtreet
painting,paintingg
digital,diigtal
masterpiece,pasterpiece
flare,flapre
car,car
ancient,anciest
galaxy,goalaxy
organic,organnic
house,hoouse
glowing,glowiang
focus,fcous
atmosphere,atmsphere
contrast,contrast
mystical,mysticwal
forest,froest
galaxy,zalaxy
street,stree
oil,oil
neon,neou
sharp,shapr
anamorphic,anamoorphic
unreal,unryal
rendering,renedring
lighting,lightilng
oil,oil
house,hoouse
neon,naeon
painting,paintng
night,ngiht
vibrant,ivbrant
ethereal,etherel
focus,foucs
vibrant,vibrannt
bioluminescent,biolumminescent
textured,texturbd
intricate,intricae
tree,tnee
synthetic,synthetwic
forest,forset
anamorphic,anamworphic
organic,organic
render,rener
futuristic,fuutristic
dusk,ddusk
futuristic,futuristiic
canvas,anvas
tree,tree
twilight,twilihgt
focus,fofus
sketch,yketch
nebula,nebulia
river,rivre
focus,foucs
unreal,uneal
house,hose
ancient,ansient
car,car
cinematic,cinekmatic
car,car
sunrise,sunriise
saturation,saturathon
city,caity
house,housse
landscape,lamdscape
forest,fforest
watercolor,watercolr
oil,oil
gallery,gallzry
temple,templle
twilight,tnwilight
textured,textred
bioluminescent,biooluminescent
galaxy,glaxy
bioluminescent,bioluminestent
golden,goelden
landscape,lawndscape
village,village
house,hnuse
forest,foresh
hour,hour
intricate,intricaote
weathered,waethered
river,iver
museum,musem
volumetric,volumentric
hyper,ohyper
gallery,glallery
composition,compxosition
vibrant,vibrannt
sunrise,suknrise
twilight,twiligt
contrast,contrasmt
synthetic,sdynthetic
ethereal,ehereal
forest,fozrest
lens,lns
dynamic,dynxamic
textured,textued
bokeh,bkeh
organic,oorganic
ancient,ancientt
tree,treee
starry,starrry
tree,tlree
night,nnight
lens,wens
photography,photogaphy
village,vilaage
exposure,exposhure
saturation,satfuration
ethereal,ethebreal
cyberpunk,cyberpukn
flare,flar
oil,oil
street,streeet
dynamic,dyynamic
night,inght
octane,octqne
synthetic,syntoetic
masterpiece,mmasterpiece
painting,paitting
bioluminescent,biolsuminescent
neon,zeon
neon,neonn
river,rver
pencil,pecil
detailed,detaild
ocean,oceajn
pencil,cpencil
flare,flaqe
masterpiece,masteerpiece
tree,trese
saturation,saturaction
mystical,mysticjal
unreal,unyreal
forest,foorest
golden,glden
octane,octadne
textured,textureb
car,car
dynamic,bdynamic
exposure,exposre
anamorphic,afnamorphic
car,car
engine,engitne
photography,photogaphy
masterpiece,masterpaiece
photorealistic,photorealiostic
forest,forett
rendering,wendering
focus,focuus
unreal,unreeal
dynamic,dnyamic
forest,forst
starry,staryr
dusk,dousk
sketch,esketch
cyberpunk,cbyerpunk
river,fiver
ancient,aancient
futuristic,futuristicc
painting,paintiing
engine,enginze
monk,jmonk
engine,eengine
textured,texturged
car,car
render,renderr
house,hous
futuristic,futursitic
gallery,gallerry
tree,tjee
ethereal,etereal
ocean,occean
exhibition,efhibition
vibrant,vibrant
glowing,gmlowing
tree,treq
neon,neeon
lighting,lightign
nebula,nemula
twilight,twilighbt
illustration,lilustration
unreal,unrael
weathered,weathhered
majestic,majeystic
rendering,rendreing
ancient,acnient
night,nigh
river,rriver
house,ouse
volumetric,volmuetric
anamorphic,anamoorphic
contrast,contrasbt
golden,golqen
contrast,contrjst
sharp,harp
exposure,eposure
octane,otane
city,citr
elegant,eleganl
masterpiece,amsterpiece
temple,temale
gallery,galley
saturation,satuuration
sketch,setch
octane,ovtane
lighting,lightinxg
exposure,eposure
detailed,detailebd
majestic,majetsic
monk,mon
forest,foresst
ancient,anccient
starry,staarry
desert,desertt
oil,oil
village,vlillage
monk,monpk
art,art
elegant,elegant
river,ryiver
tree,treee
photography,photogrbaphy
starry,starry
dynamic,dynaamic
street,steret
desert,desetr
river,riiver
sharp,sharp
serene,skerene
mystical,mystcical
octane,cotane
gallery,galllery
volumetric,volnumetric
mystical,mvystical
ocean,oceaan
monk,monr
art,art
sketch,sktech
surface,surface
exposure,exposurfe
focus,focds
focus,ffocus
twilight,twilight
city,cnty
night,nigt
tree,trjee
shadows,shaodws
forest,forecst
hour,hcur
concept,concpet
atmosphere,atmospherre
vibrant,ibrant
majestic,majestuc
golden,oolden
night,nigght
synthetic,synthetirc
exhibition,exhhibition
dynamic,dynaxmic
watercolor,watercolro
sharp,shlrp
city,ciy
canvas,canas
synthetic,synphetic
desert,deserct
rendering,reendering
peaceful,epaceful
hyper,hpyer
elegant,elegannt
exposure,expossure
peaceful,peacceful
glowing,glowingg
textured,textrued
nebula,nebqla
mystical,mystcial
seascape,seascape
concept,conecpt
illustration,ilustration
vibrant,vibrnnt
village,villgae
concept,conncept
tree,tee
watercolor,wateqrcolor
monk,mokn
monk,moonk
octane,ooctane
portrait,porsrait
canvas,canvass
desert,dseert
ocean,oecan
city,ciny
river,rixer
seascape,seeascape
river,rivre
city,wcity
house,housw
organic,organci
ocean,oceaan
art,art
sketch,sktch
atmosphere,atmonsphere
serene,seredne
dynamic,dynnamic
rendering,renderin
forest,forrest
ethereal,eethereal
volumetric,volumetjic
portrait,portwrait
art,art
bokeh,bokep
river,rier
render,rendeyr
night,nigsht
intricate,itricate
dusk,duskk
rendering,rendring
forest,foresst
street,street
intricate,intdricate
flare,fljre
city,tity
serene,serne
car,car
atmosphere,atoosphere
peaceful,peaceeful
architectural,aarchitectural
ocean,oceay
exhibition,exhibitiion
composition,compoistion
canvas,canvaas
cyberpunk,cyberpujnk
dusk,dujsk
nebula,nebula
art,art
bioluminescent,bioluminrscent
textured,uextured
temple,temdple
octane,odtane
watercolor,watercollor
elegant,elzgant
car,car
mystical,mysticaml
monk,onk
tree,treye
saturation,satzuration
canvas,canvass
masterpiece,masterpieec
flare,fflare
synthetic,swynthetic
hour,hmour
house,hoouse
night,nigth
house,housee
flare,flarre
gallery,gallery
painting,paintting
mystical,uystical
forest,forrest
galaxy,garlaxy
organic,ogranic
neon,enon
galaxy,ggalaxy
tree,rtee
neon,neoxn
monk,mvnk
octane,ctane
photography,photographhy
ocean,ocran
exposure,expoksure
tree,ree
textured,texturied
twilight,twilihgt
futuristic,futuristhic
engine,engzine
saturation,saturatoin
starry,stary
ethereal,ethereall
golden,goldei
synthetic,snthetic
lens,lenss
lens,lezns
dynamic,dynamic
nebula,nebulla
car,car
ocean,oean
seascape,seasacpe
cinematic,cinemaytic
river,riverr
city,cit
photography,phtography
street,stbeet
tree,tre
village,villgae
street,strhet
ethereal,eothereal
synthetic,synthetipc
exposure,exposur
mountain,mpountain
lighting,linghting
city,ycity
tree,tre
monk,mon
render,reender
elegant,elegat
cyberpunk,cybberpunk
cinematic,cinnematic
exhibition,exhibitiion
detailed,detiled
gallery,ggallery
sketch,spetch
elegant,eleant
masterpiece,masterpice
painting,paintking
cyberpunk,yberpunk
starry,staarry
pencil,tpencil
synthetic,synthteic
textured,texturehd
mystical,pmystical
sharp,shar
watercolor,watercpolor
oil,oil
textured,qextured
house,souse
street,streeet
digital,digtal
atmosphere,tamosphere
house,ohuse
organic,orgganic
seascape,seahscape
sketch,sketchh
engine,engin
lighting,lightiing
contrast,contraust
serene,serxne
river,river
detailed,ditailed
dynamic,dynamiz
exposure,exposurve
textured,textued
ethereal,etheereal
art,art
canvas,canvaas
car,car
photorealistic,photorealwstic
saturation,wsaturation
engine,enngine
house,bouse
detailed,detailes
exposure,exlposure
portrait,portrit
starry,btarry
shadows,shadxws
forest,forestt
city,ciby
temple,temmple
masterpiece,maserpiece
masterpiece,masterpieck
temple,trmple
futuristic,futurisric
photography,photorgaphy
photorealistic,photoreaistic
architectural,archituctural
photography,photographhy
house,bouse
temple,emple
serene,skrene
river,rier
saturation,saturatiion
peaceful,peaceful
dusk,ausk
desert,deert
architectural,architectuaral
night,nigt
intricate,iuntricate
atmosphere,atomsphere
forest,forrest
sharp,jharp
atmosphere,atmoyphere
flare,felare
starry,starryy
unreal,unrlal
intricate,intricaet
house,thouse
watercolor,watercolr
nebula,ebula
weathered,weeathered
detailed,detaailed
museum,musleum
futuristic,fmuturistic
mystical,mysical
village,zvillage
rendering,erndering
concept,concepyt
saturation,saturaytion
night,inght
village,villagge
engine,engiine
mountain,mouuntain
galaxy,gallaxy
detailed,deetailed
synthetic,synthetc
volumetric,volumteric
vibrant,vibrxnt
rendering,rednering
digital,diggital
render,rendder
unreal,ureal
tree,ree
dynamic,dynaimc
bioluminescent,bioluminekcent
sunrise,sunrkse
bokeh,boeh
peaceful,peacful
elegant,eleegant
dynamic,denamic
organic,organic
architectural,architpectural
composition,composiiton
digital,dicital
neon,eon
synthetic,synahetic
river,rriver
desert,desetr
volumetric,vvolumetric
atmosphere,atmosphere
octane,octaen
engine,enigne
house,fhouse
starry,sktarry
twilight,twiilght
intricate,untricate
focus,focu
flare,flpare
cinematic,cinepatic
canvas,caovas
anamorphic,ajamorphic
serene,sernee
illustration,nllustration
sunrise,surrise
engine,engsne
house,houde
street,strceet
seascape,seascave
oil,oil
tree,tre
detailed,etailed
ancient,yncient
city,cityy
tree,treee
vibrant,vibbrant
organic,rganic
digital,digutal
desert,deesrt
monk,mnk
exhibition,exhhibition
hour,hozur
engine,engin
night,nicght
ethereal,etheeral
illustration,illustraation
neon,eon
street,stret
golden,goldn
digital,digitall
bioluminescent,bioluuminescent
octane,octlne
engine,engine
pencil,penci
canvas,canvsa
cyberpunk,cyberrpunk
mountain,mountaidn
atmosphere,atmospehre
sharp,szarp
composition,compositionn
village,vinlage
exhibition,ehxibition
concept,pconcept
vibrant,vibrannt
street,streef
focus,focuw
watercolor,wwatercolor
render,hrender
concept,cnocept
shadows,sxhadows
river,riler
shadows,shasdows
flare,flarre
anamorphic,anamorpeic
city,ciity
art,art
contrast,contrats
golden,golden
glowing,glowing
portrait,porctrait
serene,seene
digital,degital
museum,maseum
synthetic,synmhetic
lighting,lighuing
intricate,intrecate
seascape,seasscape
composition,cormposition
digital,zdigital
river,diver
weathered,weothered
desert,desrt
nebula,ndebula
composition,coomposition
nebula,nebfla
digital,ddigital
focus,focuis
weathered,weahtered
sunrise,sunrisse
surface,surfac
exposure,xeposure
bioluminescent,bioluminescnt
nebula,neebula
unreal,ufreal
gallery,gallerry
monk,maonk
render,rendeer
cinematic,ciematic
architectural,architecctural
tree,treee
desert,dcesert
vibrant,ivbrant
hyper,hhyper
art,art
peaceful,peaecful
desert,dekert
oil,oil
twilight,twwilight
landscape,landscaep
tree,tre
saturation,saturatoin
cyberpunk,cyberppunk
canvas,cznvas
canvas,zcanvas
forest,forestt
digital,digitax
house,ouse
golden,goldden
elegant,eelgant
canvas,canvass
synthetic,ssynthetic
atmosphere,atmospherre
house,houe
car,car
river,rver
atmosphere,amosphere
rendering,renderinv
street,strete
concept,cconcept
museum,mpseum
illustration,illlustration
desert,desjrt
street,sreet
render,reder
ethereal,etherela
oil,oil
mountain,mounttain
hyper,hcyper
shadows,shadosw
lens,lns
street,steet
car,car
starry,starry
atmosphere,attmosphere
detailed,detailked
elegant,llegant
vibrant,vibyant
architectural,architecturall
serene,serene
bioluminescent,biluminescent
ocean,oceaan
architectural,architecturl
dusk,duak
painting,painpting
river,raiver
glowing,glowting
street,stroeet
architectural,architewtural
museum,muspeum
golden,goldren
seascape,smascape
vibrant,virbant
peaceful,peacfeul
textured,wextured
oil,oil
contrast,contrats
forest,fores
landscape,lanscape
desert,esert
organic,orgrnic
forest,orest
car,car
landscape,landscaep
ocean,ocesan
city,cit
weathered,weythered
art,art
sharp,sharc
ancient,ancienut
textured,tetxured
sunrise,sujnrise
canvas,scanvas
elegant,eleant
exhibition,exlhibition
shadows,shadws
volumetric,volumteric
ocean,ocan
landscape,landcsape
bokeh,zbokeh
serene,serenne
river,raver
neon,neon
render,rendder
organic,orgaanic
forest,forets
detailed,detiled
organic,orgganic
neon,nen
galaxy,gavaxy
masterpiece,masteerpiece
tree,trce
village,vlilage
ocean,jocean
hyper,hiper
photography,photogrlaphy
peaceful,peceful
elegant,elrgant
lens,lenns
sketch,sketech
car,car
organic,orgainc
sunrise,snurise
city,ciyt
bioluminescent,bioluminescenbt
vibrant,vibrannt
galaxy,aglaxy
majestic,majesttic
rendering,renering
cyberpunk,cybewpunk
ocean,ocaen
car,car
architectural,architecturla
architectural,architecsural
composition,compossition
photography,photoography
watercolor,watvrcolor
unreal,nreal
glowing,glowin
village,villagz
desert,deesrt
synthetic,synhetic
atmosphere,atmospheru
ethereal,etheral
render,ender
ocean,ocear
exposure,expousre
weathered,weapthered
peaceful,ppeaceful
bioluminescent,biolujminescent
illustration,illustrationn
city,clty
nebula,nebulla
render,reneder
seascape,eascape
masterpiece,mastepriece
organic,organicc
sunrise,surnise
shadows,shodows
river,rriver
river,iver
starry,starry
render,rener
tree,ree
sketch,qsketch
car,car
forest,forset
lighting,lightting
majestic,majestic
twilight,ywilight
synthetic,syntihetic
car,car
textured,textuured
rendering,renderinmg
oil,oil
lighting,liaghting
gallery,gallry
hour,eour
cyberpunk,cyberpukn
street,streew
bokeh,ebokeh
contrast,contcrast
city,ciy
village,ivllage
desert,dexsert
tree,cree
portrait,portarit
nebula,anebula
art,art
oil,oil
shadows,shadokws
glowing,gowing
canvas,canvsa
textured,textcred
masterpiece,zmasterpiece
desert,deesrt
monk,moonk
concept,conceptt
mountain,mounytain
cinematic,cinemjtic
render,rendeir
photography,phoptography
forest,ofrest
ocean,oceaun
exhibition,xehibition
galaxy,alaxy
photorealistic,photoralistic
peaceful,epaceful
unreal,unreal
contrast,cntrast
museum,vmuseum
pencil,pencig
vibrant,virbant
pencil,penicl
atmosphere,atmospphere
octane,ocbane
sharp,ssharp
textured,ttextured
digital,digial
ocean,oecan
forest,foresyt
majestic,majsetic
ethereal,ethecreal
masterpiece,masterpiece
house,house
ocean,ocea
hour,ohur
anamorphic,anaorphic
rendering,remdering
sunrise,sunrrise
masterpiece,mastelrpiece
detailed,detaileed
street,atreet
majestic,bajestic
pencil,pencill
focus,foccus
mountain,mountainn
village,villge
sharp,sahrp
river,riverr
ocean,oceayn
neon,enon
starry,stary
forest,fforest
sunrise,snurise
render,rener
lens,len
anamorphic,anaamorphic
flare,llare
dusk,uusk
river,nriver
car,car
bokeh,bokeh
exhibition,exhbition
river,iver
lighting,lightign
village,rillage
architectural,architecturral
city,gity
glowing,xlowing
volumetric,vlumetric
desert,lesert
ocean,oocean
monk,monak
peaceful,epaceful
house,hlouse
render,renper
cyberpunk,cyberpunw
detailed,detailed
detailed,detaiiled
house,houe
octane,ootane
detailed,ddetailed
watercolor,watercolro
mystical,mysical
tree,rtee
volumetric,valumetric
masterpiece,maaterpiece
temple,tuemple
ancient,anncient
dusk,duskk
house,housie
anamorphic,anamoiphic
bioluminescent,bioluminesceent
peaceful,peeaceful
painting,paitning
surface,surnface
street,sstreet
sunrise,sunirse
oil,oil
anamorphic,anamophic
forest,foresqt
render,rendeer
mystical,mysxical
neon,neoz
unreal,unreall
dusk,ddusk
temple,tempe
car,car
peaceful,peaceful
street,streeet
street,steret
art,art
majestic,makestic
gallery,ggallery
atmosphere,atmospherv
art,art
oil,oil
river,rriver
intricate,intrdcate
volumetric,volumetrfc
landscape,laandscape
architectural,architecttural
illustration,illmustration
synthetic,synhetic
forest,forset
nebula,enbula
anamorphic,anammorphic
ocean,coean
digital,digiital
oil,oil
photorealistic,photorealxistic
saturation,satuation
river,rvier
saturation,satuuration
peaceful,peaceiful
car,car
city,mcity
twilight,twiligght
lighting,liighting
night,nidght
museum,mupeum
city,ciity
street,stret
unreal,unredal
cinematic,cinematig
ocean,oceoan
monk,omnk
golden,olden
hour,holr
lighting,lighting
bioluminescent,biolumineescent
lens,lns
octane,octanl
architectural,architecturajl
bokeh,bbokeh
pencil,pencil
museum,musenum
octane,dctane
house,huse
ocean,oceayn
house,housye
composition,compositon
neon,enon
digital,digipal
textured,dextured
photorealistic,photorealsitic
monk,onk
rendering,renderingg
sunrise,sunrize
car,car
tree,trde
bokeh,bogkeh
engine,enginne
photography,phtoography
contrast,contrasst
portrait,portriat
sketch,sketchh
golden,goldew
portrait,porntrait
temple,temple
peaceful,eaceful
mountain,muontain
serene,serente
car,car
galaxy,galaxxy
forest,vorest
vibrant,vibrant
bioluminescent,bbioluminescent
shadows,shadowg
tree,twee
saturation,saaturation
dynamic,ddynamic
serene,sxrene
portrait,porrtrait
pencil,pecnil
intricate,inttricate
forest,foest
weathered,weatherred
contrast,contrabst
river,rvier
synthetic,synthetuc
saturation,saturaion
lighting,ligthing
city,city
serene,serrene
intricate,inrticate
shadows,shaows
photography,photoxgraphy
forest,morest
starry,satrry
golden,ggolden
temple,temmple
river,rqiver
shadows,shadow
night,nght
desert,deesrt
ethereal,etherea
night,nightt
ethereal,etherreal
pencil,pevncil
car,car
glowing,glowikng
landscape,alandscape
village,vilylage
digital,digitla
ethereal,etheseal
painting,paintjing
mountain,mounntain
bioluminescent,bioluminescezt
render,qrender
bokeh,aokeh
starry,starry
watercolor,watercoor
dusk,qusk
bioluminescent,bioluminesscent
city,ctiy
illustration,illlustration
ocean,ocban
peaceful,peacaeful
glowing,glowlng
portrait,portwrait
seascape,seascwpe
octane,octaune
forest,forset
sketch,sktch
house,houe
watercolor,watercoor
volumetric,volmetric
galaxy,gfalaxy
photography,hpotography
masterpiece,maserpiece
futuristic,futuirstic
concept,conccept
village,villlage
river,rivexr
flare,flarfe
desert,kesert
desert,deset
futuristic,futuiistic
painting,paiinting
ancient,aycient
detailed,detaziled
bokeh,boeh
street,strehet
composition,compsition
temple,semple
canvas,convas
flare,ulare
night,ngiht
starry,starry
glowing,glowineg
synthetic,syntheti
village,zillage
house,hhouse
starry,stairry
intricate,intircate
forest,foret
photography,photoography
ethereal,ethegreal
digital,kdigital
painting,painying
watercolor,watercloor
pencil,pendcil
house,mhouse
watercolor,waterccolor
mystical,mystiacl
elegant,eregant
river,rivver
museum,muweum
house,ouse
anamorphic,anamorphc
hyper,hhyper
ethereal,ehereal
ethereal,etheereal
city,icty
street,sreet
car,car
forest,foest
starry,stajrry
photography,photogrsphy
canvas,canvlas
mystical,mysticla
illustration,illustratin
elegant,eleant
flare,fjlare
photorealistic,photwrealistic
render,rejnder
masterpiece,mmasterpiece
canvas,canvfs
digital,digiital
concept,concetp
engine,engnie
ancient,anient
majestic,majmestic
ocean,ocan
tree,cree
nebula,nebul
hour,tour
gallery,gallry
night,nigght
majestic,majestiic
tree,ctree
architectural,archtiectural
mystical,mystiical
photorealistic,photorealidtic
canvas,canvs
pencil,pencil
gallery,galllery
octane,octanb
bokeh,mokeh
tree,tre
peaceful,peaceufl
canvas,acnvas
village,ivllage
atmosphere,atmospehre
exhibition,exhibiion
synthetic,syinthetic
engine,enginqe
rendering,renderig
dynamic,dynamin
ethereal,etherael
digital,digitvl
cinematic,ciematic
digital,diigtal
engine,engide
watercolor,waterclor
vibrant,vibrat
neon,qneon
hyper,hyer
lighting,lighing
illustration,lilustration
mountain,moutain
night,nnight
lens,lns
sketch,sketch
octane,oqctane
neon,neon
river,rpver
composition,compositionn
surface,nsurface
tree,trree
hyper,yper
cinematic,cinematiic
ancient,ncient
photography,plhotography
contrast,fontrast
glowing,glcowing
house,hwouse
shadows,shadws
digital,digial
dynamic,dynapic
portrait,pportrait
glowing,glowign
street,steret
shadows,uhadows
river,rvier
pencil,penil
flare,flawe
elegant,elpegant
architectural,architectual
street,treet
desert,destert
tree,tree
canvas,canivas
shadows,hadows
landscape,landscape
starry,starrry
exposure,excosure
street,street
glowing,gloing
street,vstreet
watercolor,atercolor
river,riyer
desert,dessert
unreal,unreual
dynamic,dyynamic
tree,tres
lighting,liighting
ancient,ancieot
dynamic,dnyamic
architectural,marchitectural
starry,stwrry
galaxy,ggalaxy
render,rennder
shadows,bshadows
mountain,xountain
futuristic,futuriistic
galaxy,galaxwy
river,rivter
sharp,shharp
bokeh,obkeh
golden,dolden
cinematic,cinemmatic
rendering,rendering
photorealistic,photorealisic
intricate,inttricate
mountain,mountain
car,car
car,car
lens,glens
sketch,sektch
landscape,landsccape
hyper,hyier
house,ouse
illustration,illuustration
focus,fcous
starry,sttarry
tree,treie
weathered,weathere
contrast,contrasst
ocean,ocearn
street,streeet
architectural,architecttural
surface,surfac
peaceful,peaneful
surface,suface
monk,mmnk
illustration,illustraation
dynamic,dynmaic
street,stret
cyberpunk,cyberpunkk
volumetric,vlumetric
surface,urface
museum,musemu
car,car
illustration,ialustration
desert,deseert
mountain,mountan
composition,cofposition
starry,stiarry
sunrise,sulnrise
shadows,shadoows
night,nigth
village,illage
sunrise,surnise
oil,oil
golden,gofden
river,rivrr
hour,hoaur
starry,starrm
ocean,ocaen
synthetic,snythetic
golden,golden
city,cty
digital,digita
canvas,cnanvas
photography,photograhy
cinematic,cinemetic
sketch,skketch
digital,digitaal
night,nighht
composition,cobposition
exposure,exfposure
lens,les
dusk,duks
engine,enginee
lens,lengs
forest,orest
river,siver
focus,focuus
saturation,saturatino
masterpiece,masterpice
vibrant,vibant
contrast,cnotrast
nebula,njbula
ethereal,euthereal
hour,houir
masterpiece,masterpiecce
city,ciyt
sunrise,sunriise
neon,neno
render,renderr
gallery,gallemry
sketch,sketcch
forest,focest
museum,museu
surface,suarface
cinematic,cinmatic
organic,organic
desert,dehert
car,car
nebula,neebula
landscape,landzcape
atmosphere,atmosphhere
weathered,weathervd
desert,desert
ocean,ocena
neon,neox
hyper,hypper
art,art
illustration,illustraiton
ethereal,etherela
landscape,alndscape
lighting,lightign
house,ohuse
mountain,muontain
monk,mynk
village,lvillage
peaceful,epaceful
car,car
sketch,sketcch
house,houste
monk,monqk
bokeh,bbokeh
lighting,llighting
desert,deseot
monk,mnok
city,cityy
lighting,ilghting
ancient,nacient
synthetic,ysnthetic
sketch,sketc
ancient,anncient
hyper,hypr
ancient,ancent
bokeh,bokkeh
forest,fores
galaxy,kalaxy
galaxy,galxy
hour,hourr
mountain,mmountain
photography,photgoraphy
river,rivre
museum,musemu
golden,golen
village,vllage
sunrise,usnrise
focus,ofcus
desert,deert
monk,ionk
village,villge
atmosphere,atmospheree
tree,trkee
saturation,satuartion
river,rivmr
peaceful,pgaceful
dynamic,vynamic
detailed,detailxed
gallery,jallery
hyper,hypr
starry,sstarry
tree,trele
anamorphic,anamoprhic
futuristic,futuoristic
city,ity
mystical,mysticdl
city,cty
sketch,sktch
synthetic,syntheticc
focus,focu
flare,flaer
synthetic,synthetci
lighting,lightihng
exposure,exposre
unreal,unreral
desert,desret
canvas,caanvas
intricate,intriicate
vibrant,vibrrant
forest,forest
mountain,mountiin
starry,sbtarry
synthetic,synthetia
golden,goldepn
sharp,shari
hour,ohur
nebula,neblua
golden,gollden
river,rier
serene,senene
street,cstreet
pencil,peneil
oil,oil
detailed,detaile
lens,llens
peaceful,paeaceful
engine,enngine
galaxy,gaaxy
glowing,oglowing
ocean,coean
river,rvier
photorealistic,photodrealistic
render,rendr
house,ouse
city,ciity
forest,forrest
rendering,rendering
gallery,galdlery
dynamic,dynaamic
galaxy,gaalxy
lighting,kighting
detailed,detailled
flare,fllare
starry,sttarry
desert,deserr
illustration,gllustration
canvas,canvacs
nebula,nebulc
galaxy,glaxy
cyberpunk,cyberpuk
street,sltreet
weathered,weathered
desert,ddesert
cyberpunk,cyberpunlk
rendering,renderring
starry,starhy
peaceful,peacefuul
flare,fare
intricate,intrcate
hour,haour
ancient,ancint
rendering,irendering
weathered,weahtered
ethereal,ethereal
engine,enkgine
lighting,lgighting
sunrise,sunrive
galaxy,galayx
photorealistic,photoraelistic
composition,composition
bioluminescent,boluminescent
photography,phottography
digital,digital
sharp,sharn
hyper,hypeer
car,car
atmosphere,atmospheere
nebula,nebual
majestic,mtjestic
volumetric,volmuetric
ancient,anciet
desert,edsert
house,house
exposure,expsoure
night,ngiht
exposure,expnsure
desert,desero
house,houes
mystical,mytsical
bokeh,bokeih
glowing,gowing
tree,ree
forest,forgst
saturation,suaturation
surface,surface
desert,deksert
desert,desertt
monk,mcnk
focus,fcous
forest,foret
forest,orest
exposure,exbposure
illustration,illustrtaion
tree,rtee
vibrant,vimbrant
saturation,saturtion
desert,desgrt
mountain,mountian
architectural,alrchitectural
majestic,maajestic
street,strreet
exhibition,exxhibition
concept,concet
gallery,galery
car,car
rendering,rendiering
village,voillage
sunrise,csunrise
desert,dseert
bokeh,bokh
architectural,archityctural
hour,htour
cyberpunk,gyberpunk
exhibition,ehibition
glowing,glsowing
dynamic,dynamc
composition,composxtion
galaxy,gaeaxy
vibrant,vibranq
sharp,shaxp
mountain,mountani
mountain,mounain
digital,digtial
temple,templle
majestic,majsstic
watercolor,waterrcolor
glowing,glownig
sketch,nketch
textured,txtured
village,villgae
night,mnight
rendering,rendbring
photography,photograhpy
exhibition,exibition
exhibition,xehibition
intricate,nitricate
unreal,nureal
elegant,eelgant
exhibition,exhibitipn
atmosphere,atmosphpre
city,csty
elegant,eelegant
volumetric,volumeetric
ocean,coean
masterpiece,massterpiece
mystical,msytical
tree,tree
temple,toemple
hour,hour
composition,composaition
synthetic,syknthetic
city,cty
gallery,gtllery
engine,pngine
elegant,elegant
ancient,ncient
majestic,mpajestic
textured,textuerd
city,ity
shadows,shdaows
hour,ohur
photography,photograthy
canvas,cavnas
photography,hpotography
cyberpunk,cyberpunnk
city,citz
rendering,renderwng
tree,treee
street,strete
concept,concpet
forest,foorest
river,rvier
ancient,anient
gallery,gallrry
hyper,hypr
detailed,detailkd
starry,stary
ocean,eocean
pencil,penci
composition,compsoition
anamorphic,anamorphhic
forest,foreest
forest,forestt
landscape,landsccape
surface,sucface
sunrise,surise
shadows,shaows
sunrise,unrise
mountain,mountadn
art,art
concept,conceppt
contrast,coftrast
mountain,mountani
bokeh,bkeh
monk,mon
synthetic,syntahetic
majestic,maoestic
lens,lenes
surface,surface
desert,deesert
seascape,esascape
ancient,ancieqnt
detailed,detaailed
illustration,ilustration
bioluminescent,bisoluminescent
temple,teple
street,steret
car,car
cyberpunk,cyberupnk
ocean,oceakn
sunrise,sunise
rendering,rwendering
neon,enon
elegant,elegatn
glowing,gglowing
hour,hiur
painting,paintingg
engine,engie
vibrant,viibrant
hyper,hypeor
cyberpunk,cyberpundk
village,vilage
exposure,exposrue
canvas,cnavas
mountain,mounotain
portrait,portxrait
village,vilzlage
digital,gigital
volumetric,wolumetric
forest,frest
city,citwy
exhibition,exhibitioon
car,car
city,citay
museum,museurm
mountain,mountavin
weathered,weathhered
exposure,exposrue
neon,enon
portrait,protrait
hyper,hhyper
illustration,illustratian
river,rier
canvas,caanvas
atmosphere,atmoisphere
composition,composittion
cinematic,cinematicc
painting,paintsing
organic,orgnaic
exhibition,exhiition
focus,flocus
desert,deset
pencil,percil
car,car
saturation,dsaturation
hour,houdr
village,vkillage
engine,enine
engine,engin
exposure,expoosure
synthetic,snthetic
twilight,twiligwt
hyper,hhyper
seascape,eascape
street,streqt
dynamic,dyjnamic
masterpiece,masterpece
street,sstreet
render,renxder
landscape,landscpae
photorealistic,phtoorealistic
peaceful,peateful
octane,ocsane
flare,flage
composition,compositino
watercolor,wattercolor
digital,digitall
art,art
illustration,illustratitn
render,resnder
twilight,ttwilight
elegant,leegant
render,render
cinematic,cnematic
golden,gdolden
monk,mmonk
night,nigt
concept,cconcept
landscape,landsape
tree,taree
night,nighht
monk,mok
neon,ueon
majestic,mmajestic
river,rtver
hyper,hyfper
weathered,weatherde
museum,muuseum
peaceful,eaceful
bokeh,bokkeh
museum,mmuseum
volumetric,vvolumetric
forest,fforest
sharp,shjarp
textured,dtextured
detailed,dtailed
house,hourse
exhibition,exhiibtion
exhibition,ewxhibition
portrait,portrrait
forest,foorest
mountain,muontain
synthetic,qynthetic
focus,frcus
canvas,cnavas
neon,neeon
serene,serene
focus,foocus
street,sttreet
exhibition,exhibqtion
temple,tepmle
hour,hogur
octane,octne
organic,organi
desert,dsesert
city,ctiy
saturation,saturvtion
oil,oil
ethereal,etheral
painting,paintinng
atmosphere,atmospheere
cyberpunk,cyyberpunk
ocean,ocepan
gallery,galley
sunrise,sunridse
golden,goden
peaceful,peaceeful
night,nighdt
painting,paiinting
masterpiece,mastempiece
anamorphic,anamorhpic
saturation,saturjation
city,chty
golden,goldeen
ocean,occean
river,irver
mystical,mysticl
majestic,mjaestic
street,streeet
exposure,exhposure
vibrant,vibrnat
temple,ttemple
octane,ocmane
synthetic,syntmetic
watercolor,watrecolor
photorealistic,potorealistic
car,car
masterpiece,mastewrpiece
forest,forestt
gallery,galleryy
landscape,laddscape
concept,cncept
atmosphere,atmosplhere
mountain,mounntain
anamorphic,anaomrphic
desert,desret
volumetric,voluumetric
volumetric,volkmetric
lens,ens
octane,ocatne
exhibition,ehxibition
weathered,weathhered
exposure,expomure
sketch,sketqch
photorealistic,photorealistic
river,rdiver
seascape,sascape
elegant,elegarnt
monk,mono
flare,flarne
synthetic,synnthetic
museum,auseum
octane,occtane
sunrise,sfunrise
canvas,cannvas
photorealistic,photoraelistic
illustration,illustrabion
cyberpunk,cyerpunk
car,car
bioluminescent,bioluminecent
synthetic,syntqhetic
lighting,lightxng
sketch,skketch
photography,photogkraphy
anamorphic,anamorphhic
sketch,skketch
bioluminescent,biolupminescent
lens,lens
cinematic,cidnematic
illustration,illustation
flare,flarce
architectural,achitectural
render,redner
city,ceity
digital,vdigital
peaceful,peacefl
render,renderr
portrait,portrakt
majestic,majesttic
dynamic,dynammic
tree,tree
landscape,ladscape
twilight,twliight
galaxy,gakaxy
saturation,satuuration
shadows,hsadows
car,car
cyberpunk,cybdrpunk
detailed,edtailed
hyper,hypper
masterpiece,masterpiecee
tree,utree
car,car
portrait,porrtait
digital,digial
organic,orgfanic
mystical,mystcal
lens,ens
river,riveer
futuristic,guturistic
mystical,mysttical
starry,satrry
flare,fflare
hyper,jyper
architectural,archittectural
galaxy,gaflaxy
starry,starrry
forest,ofrest
village,villae
bioluminescent,biolumifnescent
focus,foucs
intricate,intircate
galaxy,alaxy
elegant,elewgant
focus,foccus
shadows,mshadows
art,art
sketch,ssketch
tree,troe
engine,enggine
neon,neeon
hour,houm
river,riiver
elegant,leegant
museum,cmuseum
tree,tre
render,rneder
sharp,sharqp
oil,oil
focus,focus
mountain,mounyain
photorealistic,photorealvstic
digital,igital
mountain,omuntain
galaxy,galaqy
focus,fohus
textured,ttextured
detailed,detaled
detailed,edtailed
dynamic,dynamci
temple,ttemple
golden,goljden
textured,tjextured
bokeh,biokeh
unreal,uvnreal
mountain,mounntain
forest,fuorest
seascape,seascapee
anamorphic,anamorphci
sharp,shajrp
atmosphere,atmohsphere
ancient,ancientt
peaceful,peacefutl
bokeh,biokeh
golden,golaen
detailed,dettailed
temple,zemple
city,cuity
unreal,unrreal
bokeh,okeh
galaxy,gaalaxy
saturation,sraturation
futuristic,futuriswtic
serene,serenne
street,streex
oil,oil
vibrant,vvibrant
lens,liens
art,art
digital,digtial
canvas,canvs
surface,iurface
ancient,ancien
exhibition,exhibiton
weathered,weatherd
sunrise,snrise
sketch,sktch
vibrant,vibrrant
oil,oil
lighting,lighling
organic,oorganic
dusk,dussk
majestic,ajestic
weathered,wetahered
desert,esert
cyberpunk,cyberpufk
vibrant,vibraant
futuristic,futuuristic
twilight,twlight
forest,fforest
nebula,nnebula
saturation,satration
glowing,glowingg
dynamic,dynmic
starry,starruy
sketch,sketc
focus,fcous
desert,edsert
nebula,nebla
volumetric,vlumetric
composition,copmosition
vibrant,viibrant
painting,ppinting
river,risver
weathered,weatheraed
street,sttreet
elegant,elegatn
watercolor,wtercolor
contrast,coontrast
painting,paiinting
photorealistic,photrealistic
anamorphic,anamorpihc
house,ouse
digital,digkital
street,tstreet
architectural,archtectural
surface,surfaec
car,car
exhibition,exhibitio
river,riverr
desert,deseru
tree,tre
organic,organic
lens,lexs
tree,tre
shadows,hadows
concept,cnocept
tree,tre
ancient,nacient
surface,surfac
gallery,gaylery
temple,tempe
cinematic,cinmeatic
saturation,saturation
pencil,pecil
art,art
seascape,seascabe
illustration,rllustration
mountain,mounttain
unreal,tnreal
ocean,oocean
vibrant,fibrant
sharp,siharp
monk,mok
cinematic,cinemaic
dynamic,tdynamic
city,cyty
rendering,renddering
forest,fogest
city,ity
street,sotreet
anamorphic,annamorphic
art,art
canvas,ccanvas
monk,moonk
photography,photogrphy
nebula,nkebula
ethereal,etherea
oil,oil
starry,starry
sunrise,nunrise
village,vllage
saturation,saturkation
golden,goldenn
dynamic,dymamic
dynamic,dynamrc
serene,seree
flare,falre
village,vsllage
synthetic,synthejtic
temple,tempple
engine,enngine
engine,esgine
tree,tree
surface,surfac
organic,odganic
village,vvillage
pencil,pencil
car,car
pencil,epncil
illustration,ilclustration
architectural,architecturral
river,riverr
house,houre
ocean,oceaan
surface,surfjace
car,car
mountain,moutain
rendering,rendreing
pencil,penci
rendering,rendoering
ocean,occean
vibrant,ivbrant
golden,ggolden
car,car
lens,lns
forest,folest
exhibition,exxibition
lens,lns
volumetric,volumecric
watercolor,watercnolor
atmosphere,qatmosphere
neon,neoon
organic,organi
octane,soctane
atmosphere,atymosphere
bioluminescent,bifluminescent
golden,goldenn
oil,oil
monk,onk
village,villagb
village,villagm
monk,mnok
intricate,itricate
portrait,portrit
concept,cyncept
exposure,expsoure
city,ciity
ethereal,etherreal
seascape,seaascape
photography,photograaphy
sketch,sketc
painting,paining
masterpiece,masterpicee
shadows,hsadows
car,car
elegant,elegant
dusk,dsk
painting,phainting
seascape,seascape
street,tsreet
forest,fortst
glowing,glowinng
textured,tetxured
hyper,hyepr
textured,etxtured
bioluminescent,biolusinescent
serene,selene
bokeh,wokeh
organic,organxic
masterpiece,masterpiace
digital,diglital
portrait,portait
ethereal,etherel
watercolor,watercjlor
dusk,dsk
bioluminescent,bioluminesecnt
museum,muesum
city,ciyt
majestic,majesttic
composition,composqtion
art,art
starry,fstarry
saturation,sauration
cyberpunk,cbyerpunk
temple,temple
dynamic,dynaimc
textured,texturde
elegant,elegaant
exhibition,exxhibition
river,river
volumetric,volumtric
synthetic,synthetiic
forest,forrest
house,hoouse
peaceful,peceful
village,vipllage
engine,engin
temple,tmple
photorealistic,phootorealistic
city,citjy
synthetic,synnthetic
masterpiece,matserpiece
forest,foresv
volumetric,volumetriac
painting,painting
concept,zoncept
shadows,shados
flare,fuare
museum,mmuseum
river,rive
ocean,oceaan
futuristic,futuristicc
twilight,twilght
forest,foreest
sharp,sharrp
galaxy,galaxxy
dynamic,dynabic
neon,neogn
city,citty
dynamic,dynaamic
river,iver
engine,ejgine
ocean,zocean
monk,moak
canvas,camnvas
cinematic,cinemakic
shadows,shadoqws
rendering,rendevring
starry,setarry
golden,goldenn
night,nidght
gallery,agllery
volumetric,volumtric
mystical,mystica
car,car
car,car
oil,oil
car,car
exhibition,exhbition
serene,yerene
river,riveer
unreal,unral
house,houes
flare,fblare
digital,digiatl
rendering,renderpng
textured,textuxed
serene,sserene
rendering,rendring
concept,cconcept
pencil,pncil
digital,digitl
gallery,sallery
night,night
tree,tre
volumetric,volugmetric
hyper,hyxper
exhibition,exhrbition
surface,surfapce
ocean,ocaen
mystical,mystieal
vibrant,vibrlnt
tree,treh
tree,ree
watercolor,watercollr
monk,monkk
detailed,detyailed
sharp,sharx
museum,puseum
lighting,lpghting
masterpiece,mcsterpiece
majestic,majestgic
bioluminescent,bioluminnescent
exposure,expossure
organic,orrganic
contrast,contrrast
golden,golden
volumetric,voluwmetric
organic,oorganic
photography,pmhotography
ethereal,thereal
sketch,sktch
watercolor,waterzolor
exposure,exfposure
desert,desret
surface,surace
ocean,oczan
canvas,xanvas
shadows,shadoows
neon,non
ocean,ozcean
village,vilvage
focus,focs
peaceful,peacefu
peaceful,peceful
art,art
sunrise,sunrize
serene,sexene
river,rivzr
architectural,architecturbal
pencil,pencil
city,cit
mountain,monutain
mountain,mountian
flare,flkre
sketch,sktch
watercolor,wqatercolor
saturation,satauration
atmosphere,atmospcere
dynamic,dynafmic
village,villae
volumetric,volumetrmic
painting,paiwting
engine,ngine
oil,oil
starry,sstarry
car,car
cyberpunk,cykerpunk
mystical,mymtical
landscape,laandscape
gallery,gatllery
glowing,glowingg
dusk,dussk
photography,photograpy
river,riber
shadows,sadows
render,renderr
elegant,eelegant
textured,texture
unreal,unral
seascape,seascae
cinematic,cineematic
concept,cboncept
ocean,xcean
night,niight
canvas,canjvas
focus,focsu
sunrise,sunriue
vibrant,viwrant
architectural,architectuural
temple,temple
nebula,netula
forest,forets
glowing,glowin
render,rendeer
textured,texutred
pencil,penctl
gallery,allery
glowing,gglowing
temple,temtple
cinematic,cineoatic
landscape,landscap
street,street
architectural,architecturao
futuristic,futuristi
surface,suurface
forest,foret
mountain,mountai
futuristic,futuristizc
hour,our
majestic,mapestic
twilight,twiilight
street,strecet
canvas,ccanvas
masterpiece,mastterpiece
illustration,illusration
car,car
unreal,unrkal
painting,pianting
starry,ostarry
seascape,sveascape
sunrise,asunrise
painting,paintinvg
photography,photorgaphy
house,hobse
engine,oengine
monk,monk
mystical,mysgtical
street,srteet
contrast,cntrast
weathered,weathred
intricate,iintricate
city,ctiy
focus,fopcus
ethereal,etheeral
futuristic,futurhstic
landscape,landscae
dusk,dubsk
forest,fforest
river,irver
street,stree
textured,texcured
architectural,arcwhitectural
photography,phofography
sharp,aharp
futuristic,futurisutic
painting,paainting
majestic,mmajestic
nebula,ebula
hyper,hypr
majestic,majesstic
desert,desertt
lighting,ligting
dusk,edusk
octane,octawe
car,car
twilight,twilkight
oil,oil
ocean,hocean
hour,hor
unreal,nureal
cyberpunk,ccyberpunk
art,art
starry,strry
synthetic,synthevic
shadows,shaddows
glowing,gloewing
digital,dagital
ocean,oceean
illustration,illustratino
detailed,detailced
atmosphere,atmospheree
peaceful,paeceful
majestic,majstic
tree,treye
photorealistic,phootrealistic
sharp,sjharp
photorealistic,photorelistic
oil,oil
digital,digtial
dusk,dusk
contrast,conurast
architectural,rachitectural
watercolor,watzercolor
textured,texturred
oil,oil
dusk,dussk
vibrant,vibranct
majestic,majesic
city,ciyt
detailed,detailedd
architectural,architectuarl
render,reder
synthetic,syntheotic
night,nihgt
village,evillage
weathered,beathered
painting,pianting
ocean,ocealn
landscape,dlandscape
canvas,catvas
saturation,saturatioy
exhibition,oexhibition
detailed,detaile
ancient,ancieent
composition,compossition
hyper,hypev
river,rivr
pencil,pencil
neon,meon
dusk,jusk
dynamic,dynammic
pencil,peencil
lighting,lighing
night,nifht
mystical,myystical
mountain,mounntain
starry,starryy
twilight,twwilight
golden,golen
forest,folrest
architectural,architectura
monk,monk
masterpiece,maasterpiece
bokeh,boekh
render,rendel
exposure,expnosure
sunrise,sunrisk
city,ctiy
architectural,architeptural
watercolor,watercoolor
pencil,pecnil
futuristic,futursitic
village,viljage
museum,musequm
focus,focvs
watercolor,waiercolor
bioluminescent,bioluminesncent
river,riveir
saturation,saturationn
futuristic,futurisic
ocean,ocejn
cinematic,ocinematic
elegant,eleagnt
elegant,elgant
focus,focts
digital,digikal
photorealistic,photoraelistic
mystical,mystiacl
illustration,illustration
oil,oil
intricate,inricate
photography,photograph
desert,desebrt
intricate,ntricate
cinematic,cinematirc
futuristic,futuristicc
saturation,saturaton
serene,serrene
sketch,ketch
dynamic,dynjmic
unreal,unreall
organic,organuic
focus,forus
forest,foreest
city,ciy
car,car
masterpiece,masterpinece
tree,treh
composition,compositpon
octane,ocane
river,rvier
ancient,acnient
street,streett
textured,texturemd
serene,sereny
exhibition,exhibiion
tree,tee
hour,our
starry,ustarry
city,city
organic,orgnic
mystical,mysstical
peaceful,epaceful
house,housee
twilight,twizight
hour,our
landscape,landscaep
cinematic,cinemvtic
street,stereet
temple,temvple
art,art
city,ccty
forest,fforest
forest,fgorest
composition,compostiion
ocean,oocean
forest,forebt
bokeh,bbokeh
monk,monpk
architectural,archlitectural
monk,mosnk
tree,trree
river,riverr
desert,desetr
photography,photograpy
rendering,rendeering
peaceful,piaceful
ocean,locean
ethereal,ejthereal
forest,froest
starry,sftarry
textured,texxtured
street,streebt
desert,dseert
render,reder
digital,dzigital
anamorphic,namorphic
masterpiece,materpiece
forest,fiorest
desert,disert
render,rrender
organic,oragnic
ancient,ancpient
unreal,unrreal
majestic,majesstic
octane,cotane
render,rendre
glowing,glowiing
temple,teple
unreal,unrela
digital,digitat
tree,ree
night,nihgt
flare,flarne
mystical,mysical
river,riveer
shadows,hadows
landscape,lanndscape
car,car
gallery,gaallery
shadows,shadwos
mystical,mxystical
cyberpunk,cyberpujk
twilight,twiilight
textured,texturaed
digital,digtial
museum,myuseum
octane,outane
dynamic,dyynamic
street,streqt
majestic,majeestic
dynamic,dnamic
exposure,expossure
portrait,portraitt
sketch,skettch
majestic,majsetic
photorealistic,photorealistc
sharp,shargp
golden,goldet
hour,hourr
tree,trev
city,citty
octane,mctane
exhibition,ejxhibition
synthetic,synthhetic
dynamic,dynammic
lens,ens
monk,mok
starry,tarry
neon,neo
ancient,ancietn
cinematic,crnematic
canvas,cnvas
city,cty
illustration,illustrration
contrast,contrats
bioluminescent,biooluminescent
engine,egine
peaceful,peacelul
detailed,dtailed
museum,muuseum
atmosphere,atosphere
village,sillage
architectural,architectutral
peaceful,peacefhul
cyberpunk,cbyerpunk
gallery,galleryy
portrait,portarit
desert,deesrt
engine,enjgine
bioluminescent,bioluminescent
synthetic,syntaetic
sharp,sharup
elegant,eleganot
street,sttreet
majestic,majesstic
desert,deesert
car,car
detailed,etailed
exhibition,nexhibition
shadows,sahdows
shadows,ihadows
gallery,galery
surface,suroface
house,housse
render,crender
octane,octans
ancient,ancienot
village,villuage
composition,compositin
synthetic,syntetic
render,rendre
sunrise,sunrse
flare,fare
anamorphic,anamorpphic
intricate,intricaate
futuristic,futurispic
vibrant,viibrant
volumetric,volumytric
river,rier
ancient,anciegnt
river,river
flare,flcre
mystical,myystical
bokeh,bokkeh
house,housse
ocean,ocaen
bokeh,boceh
tree,trej
neon,nen
cyberpunk,cybeerpunk
twilight,twiliight
sharp,shaarp
watercolor,wataercolor
cyberpunk,cybjerpunk
village,uillage
photorealistic,puhotorealistic
village,villae
seascape,seaxscape
mystical,mysticll
village,villaage
vibrant,ibrant
surface,surface
octane,otcane
intricate,intrciate
car,car
majestic,amjestic
ancient,hancient
mountain,muontain
photorealistic,photoreealistic
pencil,penyil
atmosphere,atmoshphere
sharp,harp
photography,phohtography
art,art
composition,compossition
river,rivr
majestic,majestir
temple,teple
portrait,portrazit
tree,tee
lighting,lighing
volumetric,volumettric
synthetic,syntetic
temple,tempel
street,strvet
ocean,cean
river,riverr
desert,deoert
anamorphic,namorphic
neon,neo
river,irver
car,car
dynamic,dbynamic
intricate,ingtricate
ocean,oceaa
surface,sufrace
contrast,contrasst
elegant,eleganmt
focus,focus
vibrant,vbrant
neon,aneon
volumetric,volumbetric
bioluminescent,boiluminescent
temple,tempple
village,vilalge
night,nigght
night,nigt
watercolor,watercollor
street,sreet
synthetic,synjthetic
cinematic,cineematic
sunrise,sudrise
village,villagge
majestic,amajestic
weathered,weatehred
mountain,mountani
desert,deserrt
mystical,mysstical
city,icty
majestic,majeestic
monk,mon
exposure,exposurre
composition,comfosition
temple,temhle
ethereal,tehereal
ocean,ocyean
mountain,mouuntain
architectural,architectuarl
starry,tsarry
composition,omposition
organic,oganic
forest,forecst
elegant,elegannt
mountain,mountaign
desert,esert
saturation,satvration
exhibition,exhibitio
starry,strry
lens,les
ancient,anciient
house,huse
exposure,exposurre
monk,mon
street,stret
monk,mmonk
cinematic,cinemaitc
street,stmreet
canvas,cannvas
oil,oil
weathered,weatheredd
illustration,illusmration
futuristic,futuristric
ocean,ocead
canvas,rcanvas
surface,surfae
sharp,shrp
nebula,ebula
galaxy,gaalxy
atmosphere,atmsphere
starry,starrry
forest,forerst
golden,golden
bioluminescent,bioluminescent
glowing,glouing
house,housee
photorealistic,hotorealistic
museum,muesum
city,ity
village,viylage
serene,seerene
mountain,mounatin
rendering,rsendering
tree,taee
composition,composmtion
hour,hojr
watercolor,watecrolor
weathered,waethered
ancient,ancgient
sharp,shapr
hyper,hyyper
car,car
pencil,pencl
seascape,seascpae
synthetic,sythetic
house,hosue
architectural,architecturaal
ocean,oecan
rendering,rendernig
lens,dens
desert,deesert
surface,surfacge
sketch,sktch
tree,ree
twilight,twiuight
desert,edsert
ocean,ucean
unreal,ureal
temple,mtemple
atmosphere,amosphere
temple,etmple
detailed,dteailed
volumetric,volumekric
composition,composstion
sketch,skketch
art,art
illustration,illustration
bokeh,bookeh
detailed,cetailed
city,ity
canvas,canvas
ethereal,ethreeal
river,rver
surface,suurface
mystical,mystical
futuristic,futurisvtic
house,housqe
hour,mour
mountain,mountaln
village,vllage
intricate,intmricate
hyper,hayper
hyper,hyperr
ocean,ocefan
unreal,upnreal
hour,lhour
watercolor,waterclor
textured,texturd
pencil,epncil
village,vilalge
oil,oil
painting,painkting
majestic,majescic
render,qrender
lens,lenx
museum,musemu
surface,surfaec
sharp,sharxp
pencil,encil
exhibition,exhibiticon
hyper,hyper
house,nhouse
house,housse
render,rendr
photorealistic,photovrealistic
glowing,glowinm
sketch,sfetch
digital,digitag
digital,vigital
unreal,ureal
peaceful,peacegul
octane,octan
tree,treu
engine,engine
cinematic,civnematic
flare,lfare
river,rievr
car,car
mountain,ountain
desert,dsert
nebula,nebjula
bokeh,bokezh
twilight,uwilight
flare,flare
flare,flaree
seascape,saescape
tree,tree
atmosphere,atmospher
peaceful,upeaceful
saturation,asaturation
forest,borest
synthetic,synthevtic
oil,oil
masterpiece,masterpeice
city,ity
watercolor,watecrolor
river,zriver
shadows,shadws
nebula,neobula
house,ohuse
surface,surfacce
illustration,illustratio
village,villagee
city,cify
seascape,seascwape
neon,neeon
dusk,udsk
saturation,satuuration
ocean,ocan
photography,photographz
saturation,svaturation
bioluminescent,biluminescent
gallery,galleryy
intricate,intricate
galaxy,galaxay
focus,ffocus
volumetric,volumetrlc
car,car
vibrant,vbirant
dynamic,dyhnamic
exposure,expoure
bioluminescent,bioluminnescent
rendering,reendering
atmosphere,amosphere
pencil,pencinl
focus,fous
street,steret
contrast,ocntrast
tree,teree
synthetic,synthutic
unreal,unreall
synthetic,synthentic
dusk,usk
weathered,wetahered
city,cirty
volumetric,volumpetric
monk,ionk
twilight,twilightt
desert,deser
gallery,gallezy
mystical,mystbcal
mystical,mysntical
lens,lenw
focus,foccus
weathered,weagthered
watercolor,waterlolor
shadows,sahdows
forest,foroest
pencil,peyncil
ocean,ocmean
flare,fllare
street,sstreet
desert,deseert
peaceful,peaiceful
exposure,eexposure
sunrise,suncise
mountain,mountaain
monk,moonk
sunrise,sunirse
saturation,satuation
textured,textukred
galaxy,galax
museum,musseum
night,nighht
seascape,oseascape
atmosphere,aomosphere
composition,compositionn
dusk,dsuk
glowing,glowingg
cyberpunk,cyberppunk
village,village
futuristic,futuristc
flare,flaree
house,hhouse
futuristic,futuristic
village,vollage
sketch,swetch
composition,icomposition
glowing,glpowing
surface,sruface
render,rener
desert,edsert
painting,painnting
street,stkeet
octane,octanne
shadows,shados
focus,fcus
render,rendder
unreal,uneal
house,htouse
city,cit
bokeh,bvkeh
mountain,muontain
sketch,sketch
octane,octpane
city,ciity
glowing,glowtng
vibrant,vibarnt
ancient,ancien
village,villgae
dynamic,dynnamic
nebula,nnebula
car,car
exposure,expposure
bioluminescent,bioluminscent
cyberpunk,cyberunk
digital,digtal
twilight,mtwilight
textured,textued
lens,vlens
tree,treee
detailed,dteailed
bioluminescent,bioulminescent
unreal,nreal
atmosphere,atmospherre
lighting,ligeting
landscape,lhndscape
saturation,satuartion
digital,idgital
volumetric,volumetrigc
forest,forest
sunrise,srnrise
ethereal,etherevl
atmosphere,atmosphhere
seascape,seascpae
canvas,anvas
rendering,renderiing
organic,orkganic
sharp,sharrp
golden,goldven
landscape,landscaape
mountain,moutnain
organic,orgaanic
serene,serene
concept,cncept
shadows,shdaows
pencil,qpencil
house,hose
seascape,seasccape
watercolor,watrecolor
photography,photgraphy
rendering,rendreing
masterpiece,mmasterpiece
surface,suarface
hyper,hyaer
focus,fous
focus,focu
dynamic,dynaimic
synthetic,synhtetic
rendering,rendreing
museum,museumm
bioluminescent,biolumminescent
hour,hour
river,rver
ancient,anlcient
elegant,eelegant
city,cty
neon,neon
peaceful,peaecful
tree,rtee
engine,engin
seascape,seascapue
house,huse
bokeh,bkeh
dynamic,dyynamic
house,houes
portrait,pwrtrait
pencil,ppncil
dusk,dsk
mountain,omuntain
shadows,sadows
mystical,mystiaal
detailed,detailnd
lighting,lvighting
surface,serface
exhibition,exhibintion
city,cityy
concept,nconcept
tree,tjee
car,car
hyper,hhyper
seascape,sesacape
cinematic,ccinematic
exposure,exposuure
forest,froest
illustration,ihllustration
car,car
dusk,dsuk
ancient,auncient
render,renedr
night,niht
neon,neoan
majestic,majesic
masterpiece,masterpieve
car,car
tree,treee
mountain,montain
landscape,landsccpe
gallery,gallry
mystical,mystica
anamorphic,anamorrphic
peaceful,peaqceful
village,viblage
street,strjet
monk,mownk
village,villlage
neon,noen
unreal,ureal
sunrise,sunrie
composition,compositin
peaceful,peaceful
flare,lfare
shadows,shadohs
museum,musfeum
river,raiver
saturation,satburation
city,cityy
painting,paintintg
twilight,twilight
rendering,rendeirng
landscape,landscepe
textured,txetured
gallery,galery
watercolor,watercoolor
architectural,arcihtectural
dynamic,pdynamic
intricate,intricaet
nebula,nebuula
flare,flahe
car,car
sketch,skethh
museum,dmuseum
portrait,portrit
illustration,ilustration
vibrant,virant
atmosphere,atmophere
forest,forpst
nebula,nebulla
pencil,penil
detailed,detalied
serene,sewrene
river,rivre
photography,photorgaphy
surface,sruface
illustration,ilkustration
museum,wuseum
canvas,cannvas
majestic,mjestic
exhibition,exhibiition
street,sotreet
vibrant,vibrant
twilight,twilght
saturation,saturatiion
city,cituy
starry,satrry
hyper,hyer
river,rfver
ocean,ocran
temple,temple
concept,cooncept
saturation,saturtaion
village,vvillage
desert,desaert
architectural,arcthitectural
portrait,portraiit
unreal,unral
monk,mon
cinematic,cinemtaic
village,villaage
weathered,weateered
sharp,sqarp
anamorphic,snamorphic
exhibition,exhibpition
canvas,canvbs
nebula,nebuwa
anamorphic,anamorphicc
tree,rtee
octane,soctane
serene,srene
tree,tred
intricate,intricatee
street,streeet
starry,stary
sketch,ketch
digital,dightal
river,rivver
concept,conceppt
masterpiece,masterppiece
octane,octanne
art,art
watercolor,waterconor
photorealistic,photorealisic
monk,mmonk
dynamic,ynamic
house,hosue
golden,goldne
shadows,sadows
peaceful,ppeaceful
majestic,maqjestic
digital,digiital
street,rtreet
ethereal,etthereal
car,car
ocean,ocean
landscape,landscapx
engine,engine
elegant,elegnat
serene,seerne
house,bouse
river,river
river,iver
anamorphic,anamorphc
river,rivver
atmosphere,aatmosphere
bokeh,bkoeh
temple,tempple
cyberpunk,cyberpnuk
starry,stary
anamorphic,anamorpihc
street,streeet
volumetric,volumetrci
tree,trve
atmosphere,aatmosphere
shadows,shadows
vibrant,vibrnt
museum,mueum
landscape,landscape
masterpiece,masterpiexce
volumetric,voumetric
masterpiece,masterpiee
village,village
landscape,landscappe
house,ouse
focus,foous
exhibition,exhibitioon
street,tsreet
sunrise,snurise
elegant,eelegant
futuristic,fuuristic
river,rriver
museum,musseum
village,villlage
composition,compositiov
tree,tjree
ocean,ocaen
shadows,shadowrs
street,stleet
masterpiece,masterpiece
photography,photogtraphy
intricate,intricaate
octane,ocoane
mystical,mysttical
unreal,unrela
elegant,elegan
painting,painting
forest,foerst
weathered,weaathered
car,car
exposure,exopsure
hour,ohur
ocean,ocena
concept,conoept
bokeh,boke
ancient,ancent
composition,comopsition
contrast,cowtrast
forest,fofest
bioluminescent,boioluminescent
photorealistic,photoealistic
painting,painding
contrast,contrrast
digital,digitla
house,hoouse
dusk,dussk
nebula,nebula
weathered,weatherred
illustration,illusftration
ocean,oceak
textured,textrued
tree,tre
futuristic,futuriistic
majestic,majestiac
house,ouse
sharp,jharp
engine,enginx
ocean,oceahn
lighting,ligting
bokeh,bokhe
house,house
nebula,ebula
textured,textureed
volumetric,volumetrii
glowing,gloweng
photography,phoography
monk,onk
gallery,galleery
bokeh,bokeh
atmosphere,tamosphere
lens,lena
street,street
anamorphic,aanamorphic
gallery,gvallery
futuristic,futurisric
atmosphere,atmospehre
cinematic,cienmatic
ocean,cean
digital,digfital
contrast,contrbst
lens,lesn
village,villaage
architectural,archiqtectural
mystical,mysticall
golden,goslden
glowing,glwing
temple,teemple
village,vllage
mountain,mopuntain
seascape,seascae
detailed,detaiiled
masterpiece,mastrepiece
river,riverr
contrast,contdrast
galaxy,kalaxy
serene,serenfe
sharp,shhrp
dynamic,dynsamic
exhibition,exhribition
octane,octwane
ocean,cean
detailed,detaileqd
synthetic,synnthetic
street,sstreet
city,icty
village,vllage
neon,aeon
lens,lenxs
shadows,shhadows
contrast,contrasut
contrast,cotrast
architectural,archhitectural
synthetic,synthetic
architectural,architecteral
volumetric,volumetriu
digital,digtal
canvas,canvvas
dusk,ddusk
watercolor,watercolr
exposure,exposur
architectural,architecural
surface,surfaec
weathered,weatthered
desert,cdesert
anamorphic,anamrphic
seascape,seeascape
lighting,liighting
vibrant,virant
portrait,portraiit
village,villag
futuristic,futuristiic
surface,surface
lens,elns
dynamic,dynamiic
lens,lees
volumetric,volumpetric
saturation,waturation
twilight,twwilight
street,htreet
night,ndight
focus,focus
dynamic,dnamic
weathered,weaghered
glowing,gloiwng
village,vvillage
elegant,eleggant
lighting,ligting
unreal,uneral
concept,cncept
river,friver
golden,gorlden
architectural,archritectural
bioluminescent,biluminescent
focus,fcous
ancient,anccient
synthetic,synthtic
weathered,weatherud
composition,cemposition
river,riverr
street,stret
serene,seree
exhibition,hxhibition
engine,enine
surface,surfae
starry,stary
atmosphere,atmosphzere
contrast,contrbast
tree,trmee
car,car
dusk,dusk
exposure,etxposure
mystical,ymstical
ancient,ancient
ancient,ancent
galaxy,galaxyy
nebula,neebula
desert,deserrt
cyberpunk,cdyberpunk
landscape,landscazpe
render,rnder
serene,serebne
ocean,oean
dusk,dusk
desert,dexert
vibrant,vibdant
shadows,shjadows
art,art
ocean,ocvean
starry,searry
sunrise,snurise
cyberpunk,cyfberpunk
galaxy,gablaxy
serene,seene
flare,flore
shadows,shadosw
ancient,ancieent
car,car
photorealistic,photoroealistic
mountain,mountaain
cinematic,cinnematic
shadows,shaxows
oil,oil
desert,depert
cyberpunk,ckyberpunk
hyper,hype
organic,oorganic
oil,oil
city,citr
painting,painrting
hour,homur
anamorphic,anamorhic
street,treet
lens,lxens
tree,ltree
sunrise,spunrise
river,rriver
exposure,exposuure
majestic,majesttic
city,citty
street,atreet
house,huse
engine,enggine
vibrant,vibrapt
ethereal,tehereal
focus,foucs
neon,neeon
pencil,pencil
composition,copmosition
gallery,cgallery
desert,ddesert
unreal,uneal
temple,temcle
seascape,sqascape
majestic,majelstic
night,inght
desert,desrt
car,car
lens,xens
nebula,nebla
atmosphere,atmosphejre
bokeh,bokeo
masterpiece,masteriece
golden,oglden
car,car
contrast,copntrast
rendering,rendernng
saturation,soaturation
concept,covcept
focus,fous
neon,njon
river,raiver
photorealistic,phottorealistic
glowing,glowbng
hour,ohur
oil,oil
exposure,expossre
painting,paainting
octane,octnae
bioluminescent,biolumniescent
futuristic,futuristizc
vibrant,vibant
gallery,galery
elegant,elegank
weathered,wathered
car,car
galaxy,gallaxy
neon,neot
volumetric,golumetric
organic,ogranic
photorealistic,phouorealistic
contrast,cotrast
house,chouse
car,car
ethereal,etzereal
desert,deserut
exposure,exposurfe
painting,painting
octane,octaqe
gallery,galleiry
surface,sufrace
nebula,ebula
galaxy,glaxy
nebula,neebula
hyper,hypeer
atmosphere,atmossphere
cinematic,cineatic
detailed,deailed
exhibition,exhibiion
engine,enginw
tree,tre
nebula,hebula
photography,phoography
photography,photogrsphy
shadows,shadcows
city,citty
twilight,twlight
street,steet
car,car
art,art
organic,hrganic
flare,fllare
hyper,hyperr
tree,trree
ocean,ocean
golden,goolden
art,art
house,houes
dynamic,dynmaic
elegant,eleiant
peaceful,peareful
galaxy,glaaxy
street,tsreet
portrait,portrit
village,sillage
night,nsght
contrast,contrasst
village,villag
ancient,anciehnt
street,streect
architectural,architecturml
architectural,architectuural
street,strreet
atmosphere,anmosphere
golden,gkolden
bioluminescent,bioluminecsent
bokeh,bokeeh
vibrant,vbirant
exposure,exmposure
car,car
painting,paintinu
serene,sevene
synthetic,synnthetic
street,steret
weathered,wewthered
house,houss
village,villag
engine,engitne
sketch,sketchh
oil,oil
saturation,saturatin
city,icty
exhibition,exhibitio
sharp,shadp
mountain,muontain
focus,focss
street,strget
city,cify
mystical,myshical
art,art
flare,flar
art,art
photography,photogfraphy
elegant,emegant
ethereal,ethreeal
serene,sernee
tree,tere
art,art
museum,musueum
shadows,shxadows
masterpiece,masterpiee
anamorphic,anammorphic
monk,mcnk
portrait,portradit
atmosphere,atmmosphere
house,hous
monk,monkk
focus,focs
intricate,intricaqe
bokeh,boke
flare,oflare
seascape,esascape
museum,imuseum
desert,dseert
masterpiece,masterpiele
city,cty
watercolor,watercoor
house,huse
forest,forrest
forest,forrest
volumetric,volumetricc
unreal,uneal
anamorphic,anatorphic
street,sreet
serene,sejene
lighting,lightisng
galaxy,dalaxy
tree,trae
atmosphere,atmosphhere
tree,trep
photorealistic,photoreailstic
peaceful,peoceful
textured,textufed
monk,xmonk
mountain,mountdin
dusk,qdusk
futuristic,futuristci
masterpiece,masterpiecce
engine,enginve
mountain,moucntain
photorealistic,photorelistic
bioluminescent,vbioluminescent
render,rezder
illustration,illlustration
desert,desrt
car,car
illustration,illustrtion
digital,digitla
architectural,archietctural
surface,usrface
sunrise,surnise
starry,satrry
art,art
ancient,ancietnt
ancient,anicent
temple,teemple
art,art
neon,neoon
oil,oil
street,utreet
photography,photgraphy
flare,flar
mountain,monutain
house,hluse
cinematic,cinemtaic
oil,oil
sharp,dsharp
canvas,canvsa
gallery,gallery
focus,foccus
street,sstreet
lens,lnes
mystical,mysstical
sketch,sketct
anamorphic,anamoprhic
village,village
village,vilalge
atmosphere,atmsphere
atmosphere,amtosphere
shadows,shdaows
golden,goldedn
village,vgllage
unreal,unroal
concept,concpt
painting,paigting
vibrant,virbant
ocean,oceuan
village,villkage
glowing,clowing
exposure,expokure
car,car
textured,tuextured
synthetic,synthhetic
ancient,cancient
majestic,majeestic
photography,photpography
anamorphic,anamorphhic
street,strepet
tree,tree
cyberpunk,cybeerpunk
lens,lenw
photography,phottography
intricate,intricat
detailed,deetailed
majestic,majbstic
vibrant,vibrmnt
cinematic,cingmatic
digital,digiital
village,vilage
organic,organi
monk,motk
surface,surfae
architectural,archittectural
hour,hhour
saturation,saturatikn
majestic,ajestic
lens,lens
forest,foerest
watercolor,watercoolor
watercolor,watercmlor
saturation,saturayion
river,rriver
street,stret
canvas,cavas
hyper,hper
cinematic,cinnematic
desert,deesrt
intricate,intrcate
intricate,intricatre
futuristic,futuristiic
bokeh,bozeh
organic,orgganic
rendering,rendernig
watercolor,watercolo
house,hnouse
village,vilage
city,cty
house,houe
temple,templa
elegant,eelgant
river,rivr
shadows,shadow
street,strreet
volumetric,volumhtric
seascape,seascappe
textured,textuerd
seascape,seascacpe
golden,golduen
hyper,hbper
concept,conceept
watercolor,wanercolor
majestic,majestic
landscape,landscapke
gallery,galleery
ethereal,thereal
shadows,shadwos
village,villags
hyper,hype
focus,ofcus
street,steet
canvas,cayvas
surface,surbface
canvas,canvags
intricate,iztricate
city,ity
unreal,ureal
surface,urface
house,hopuse
weathered,weahered
street,streeyt
atmosphere,atmospehre
forest,sforest
village,vilage
sharp,hsarp
house,ohouse
house,housse
organic,organjic
dusk,dusk
street,sttreet
composition,composttion
galaxy,glaxy
house,hous
house,hous
street,streeet
textured,tesxtured
mountain,mounttain
volumetric,vlumetric
ethereal,ethreal
textured,textureed
mountain,mouuntain
bokeh,bokeeh
watercolor,wwatercolor
flare,fklare
village,villlage
digital,digitaal
village,vilalge
street,srteet
tree,tqree
futuristic,futurisitc
octane,ochane
golden,goden
museum,msueum
tree,tre
masterpiece,masterpiecce
twilight,twilihgt
museum,museujm
sketch,sketc
river,rivjer
anamorphic,anamorrphic
flare,flae
concept,conncept
house,housee
weathered,weathezred
house,housse
lighting,eighting
peaceful,eaceful
focus,foccus
unreal,uunreal
starry,stary
lighting,lightking
vibrant,vvibrant
architectural,archiectural
house,house
surface,suurface
ethereal,eethereal
ocean,occean
lens,lens
forest,orest
detailed,deetailed
serene,seerne
street,steret
river,riverr
photography,phottography
octane,octaane
rendering,rerndering
river,rivr
concept,concempt
house,hosue
forest,fodrest
lens,les
city,cityy
desert,duesert
street,sreet
city,citwy
concept,concep
art,art
ethereal,etherreal
rendering,renedring
exposure,exposuure
bokeh,bokeh
gallery,gallerry
ocean,ocen
masterpiece,masberpiece
detailed,detaile
flare,flar
digital,digmtal
mountain,moluntain
bioluminescent,bioluminescen
night,nnight
street,stret
car,car
saturation,asturation
lighting,lightitng
galaxy,alaxy
photography,photograsphy
concept,concept
majestic,majetic
glowing,glowwing
canvas,canvs
surface,surfaace
car,car
masterpiece,masterpiec
desert,yesert
architectural,archntectural
hour,hogur
concept,cnocept
pencil,pencill
exhibition,erhibition
lighting,lightingg
forest,foresit
ocean,ocena
glowing,glawing
dynamic,ydnamic
river,rivr
unreal,unqreal
forest,forewt
exhibition,exhibitixon
nebula,nebuula
ocean,oceann
dusk,dusdk
illustration,ilulstration
illustration,illustraton
sketch,skecth
lens,lhns
contrast,contrxst
city,ciity
vibrant,vibrrant
gallery,gapllery
ancient,ancent
sunrise,ssunrise
rendering,renderiqg
bokeh,bkoeh
surface,usrface
majestic,majesitc
seascape,seacape
detailed,edtailed
ethereal,etheral
ocean,ocen
canvas,canmvas
oil,oil
tree,tere
oil,oil
tree,treee
forest,foreest
twilight,twzilight
photorealistic,phtoorealistic
street,srteet
tree,treee
concept,conept
concept,boncept
shadows,shdaows
atmosphere,atmoesphere
shadows,sshadows
synthetic,syntheic
organic,oranic
seascape,seascappe
hyper,hper
temple,teemple
synthetic,syntheutic
intricate,intircate
gallery,gallry
saturation,saturatioon
cinematic,cinemtic
gallery,gallery
vibrant,vibrkant
tree,tfree
ancient,zancient
contrast,cnotrast
masterpiece,msterpiece
cyberpunk,cybeerpunk
nebula,inebula
textured,texturfd
exposure,exposzure
hyper,hypre
exposure,xeposure
ethereal,ehtereal
photorealistic,photorelaistic
ancient,anciment
serene,sperene
gallery,glalery
photography,pphotography
octane,ocaane
tree,treqe
house,houes
contrast,contrasst
bokeh,bokeeh
desert,dsert
street,sstreet
golden,goldenn
ancient,encient
sketch,sfketch
twilight,twilyight
galaxy,glaaxy
sunrise,sunrise
futuristic,fueturistic
organic,organc
forest,foest
oil,oil
car,car
sunrise,surnise
starry,styrry
sunrise,sunrive
exhibition,ehxibition
street,stret
ocean,oecan
engine,etngine
starry,stmarry
neon,neodn
mountain,montain
nebula,nebulla
city,citl
tree,trxee
focus,foucs
architectural,aarchitectural
dusk,duusk
starry,stary
village,vilage
illustration,illustrahtion
night,nighe
organic,orgainc
lens,hens
organic,oorganic
textured,tetured
glowing,glowin
house,hvuse
village,ivllage
hour,houur
mystical,mystial
flare,flarl
mountain,mounatin
city,citty
desert,deesrt
futuristic,futuristiic
vibrant,vibrart
weathered,weaathered
vibrant,vibnrant
car,car
car,car
dynamic,dynaamic
masterpiece,maasterpiece
gallery,gallrey
starry,staarry
hour,horu
hour,hoyr
concept,conecpt
synthetic,synthetic
ancient,ncient
temple,templee
cinematic,cinematci
tree,tee
hyper,hhyper
cyberpunk,cyyberpunk
gallery,galllery
shadows,shados
galaxy,glaxy
village,vllage
city,citty
tree,tee
lens,lenb
dusk,tusk
majestic,mmajestic
masterpiece,masterpiecr
textured,textuured
gallery,ganllery
twilight,twdilight
bokeh,bqokeh
city,cit
shadows,sshadows
digital,djigital
volumetric,volumetricc
gallery,gallery
cinematic,cinfematic
forest,foorest
focus,focu
digital,digtal
river,iver
nebula,nebla
volumetric,vvolumetric
rendering,renderinng
museum,vmuseum
ethereal,ethreeal
golden,goldeen
sketch,snketch
sunrise,susrise
rendering,renering
ancient,acient
landscape,landdscape
weathered,weathergd
watercolor,watercoloor
night,nigat
anamorphic,anamorphci
detailed,detailled
bioluminescent,bioluminesent
gallery,gahllery
house,hoouse
composition,compositio
hour,huour
sketch,skech
intricate,intrcate
ocean,ocaen
street,sttreet
anamorphic,anamoprhic
majestic,majedstic
street,sttreet
ocean,ocen
flare,flakre
detailed,dstailed
landscape,landscap
mountain,ountain
composition,yomposition
unreal,unjeal
intricate,itricate
pencil,wpencil
desert,degert
glowing,glowinng
photorealistic,photorealistixc
glowing,gloing
neon,eon
flare,flaer
bokeh,bokea
masterpiece,msaterpiece
illustration,iljlustration
city,ciy
lens,leens
twilight,twilight
pencil,penccil
river,rijver
house,iouse
photorealistic,phutorealistic
contrast,conirast
car,car
starry,starry
watercolor,watjrcolor
canvas,canvaqs
glowing,glowingg
synthetic,syntthetic
dusk,duqsk
mountain,muontain
digital,digitall
house,houes
nebula,nebuga
intricate,eintricate
shadows,hadows
illustration,illustqation
surface,suerface
architectural,architecturla
unreal,unreal
tree,tree
tree,ttree
volumetric,volummtric
desert,edsert
vibrant,vvibrant
mountain,mounqtain
rendering,renadering
contrast,contrast
cinematic,cinemdtic
composition,cmposition
landscape,landcsape
car,car
desert,dedert
contrast,contrasit
sketch,sketcx
exhibition,exhibitio
watercolor,watercoloor
serene,srene
village,villae
glowing,gllowing
city,ctiy
photography,photograkhy
mystical,mwystical
pencil,pncil
village,villagee
cinematic,cinemaxtic
forest,fornst
serene,seene
unreal,unreahl
flare,fllare
peaceful,peacefcul
textured,toextured
volumetric,volumetrqic
village,villaoe
oil,oil
flare,flabe
mystical,mstical
dusk,duks
shadows,shaddows
pencil,penccil
oil,oil
serene,sprene
desert,deesert
exposure,exposuee
watercolor,watercolr
masterpiece,massterpiece
render,reneer
village,villgae
unreal,aunreal
photorealistic,phtoorealistic
night,nighn
bioluminescent,bioluminescenst
rendering,rrendering
river,rivver
textured,textured
volumetric,voumetric
gallery,galelry
hyper,hyer
night,ngiht
galaxy,galaxyy
bokeh,bokh
weathered,weathred
gallery,galleyr
art,art
anamorphic,anamorphgic
vibrant,viblant
sketch,ksetch
canvas,acnvas
mystical,mysticla
canvas,acnvas
synthetic,hynthetic
sharp,shcrp
tree,tre
bioluminescent,bioluminescentt
portrait,portrai
desert,deserwt
art,art
gallery,gaallery
seascape,seascpe
organic,orgwanic
digital,dngital
architectural,architetcural
synthetic,synthtic
exposure,exposzure
twilight,twwilight
render,rendexr
exposure,expoure
volumetric,vpolumetric
sunrise,sucrise
weathered,weathlred
concept,concpt
river,riveer
weathered,weatehred
lighting,lightign
illustration,illustratiou
pencil,encil
atmosphere,atmosphere
engine,egnine
ethereal,etherleal
saturation,saturatino
canvas,acnvas
seascape,seascaep
dusk,udsk
temple,emple
bokeh,bokeeh
mountain,mounatin
galaxy,gawlaxy
organic,orgajnic
seascape,seacape
exposure,exopsure
unreal,unreaal
forest,forest
bokeh,obkeh
engine,engie
volumetric,volummetric
golden,godlen
river,rivew
ancient,anicent
temple,telmple
car,car
car,car
lighting,ligcting
landscape,vlandscape
sharp,shapr
vibrant,vibrgnt
cinematic,cinmatic
forest,fdrest
ancient,acnient
city,city
ancient,anciert
contrast,contast
mountain,mountaikn
volumetric,vlumetric
painting,paintini
museum,muteum
portrait,protrait
ocean,jocean
museum,museubm
serene,sserene
elegant,llegant
city,ity
seascape,seaascape
pencil,pencill
painting,paintnig
street,strjet
twilight,tuilight
pencil,pencli
atmosphere,atmobphere
sharp,shnrp
house,hhouse
gallery,gaallery
photorealistic,photoreaistic
ocean,ocan
temple,teple
house,hruse
tree,trree
serene,sebrene
temple,tempple
desert,deert
river,rive
hour,huor
surface,urface
desert,desvrt
car,car
portrait,poortrait
bokeh,bokehh
museum,museuum
masterpiece,mkasterpiece
ethereal,ethiereal
sharp,shrp
anamorphic,anamorphimc
watercolor,wtaercolor
masterpiece,mastrpiece
lens,lesn
photography,photograhpy
landscape,landscaep
night,niget
tree,tere
hour,hobur
forest,fjrest
canvas,cnavas
ethereal,ethereoal
car,car
cinematic,cinemmatic
galaxy,alaxy
golden,golden
landscape,ladscape
detailed,dekailed
seascape,seascappe
river,river
dynamic,dynammic
anamorphic,anamorpihc
surface,surfacee
pencil,pencihl
digital,diggital
sketch,sktch
painting,upainting
village,vislage
tree,ktree
saturation,sagturation
lens,lnns
oil,oil
hour,hur
starry,starrry
textured,texxtured
detailed,betailed
dusk,duk
bioluminescent,bioluminescet
desert,dksert
photorealistic,photorealisti
weathered,weatherhed
canvas,icanvas
exhibition,exhibitwon
digital,diital
night,nitght
bioluminescent,bioluminlescent
golden,golcden
ocean,ozcean
seascape,sescape
tree,ree
museum,musseum
cinematic,ciinematic
rendering,endering
bokeh,uokeh
masterpiece,masterpiece
street,streett
architectural,arcitectural
village,illage
synthetic,synhetic
museum,museumm
photography,photoraphy
flare,flawre
hyper,hyperr
elegant,elegant
rendering,rendeqring
majestic,majesttic
sunrise,ssunrise
photography,phottography
pencil,pecil
painting,painting
canvas,canvts
galaxy,aglaxy
volumetric,volumetiic
monk,monnk
ocean,oclan
organic,olrganic
car,car
watercolor,watercolor
engine,engire
galaxy,galaxsy
landscape,landcsape
dusk,dusk
vibrant,vibarnt
glowing,lowing
ancient,anciet
textured,texxtured
elegant,jlegant
dusk,dpsk
peaceful,peaceflu
unreal,uneral
street,streeet
river,riiver
mystical,jmystical
cyberpunk,cyberpuck
monk,onk
golden,goldtn
city,ccity
nebula,nebulaa
lens,lenns
anamorphic,anamorphci
saturation,saturatian
oil,oil
illustration,illustrration
volumetric,volumeiric
exposure,exposurre
lighting,lighting
textured,txetured
glowing,glowwing
street,sreet
watercolor,awtercolor
canvas,caanvas
volumetric,volmetric
sunrise,sunrisee
shadows,shaodws
forest,orest
house,houes
museum,mueeum
photography,pphotography
village,vilxlage
canvas,canvaus
city,ity
starry,sarry
city,ciy
glowing,gowing
portrait,portrat
river,rievr
river,irver
oil,oil
river,river
golden,gohden
illustration,illustiration
illustration,illustrartion
surface,urface
atmosphere,atmospheare
desert,deserxt
mountain,mountaun
mystical,mstical
saturation,sauration
monk,mok
futuristic,fuuristic
vibrant,vwibrant
street,street
car,car
bokeh,bkeh
mountain,omuntain
textured,texetured
composition,composiition
temple,temlpe
contrast,contrast
car,car
house,houes
cinematic,ainematic
serene,sernee
temple,twmple
desert,deszrt
street,srteet
painting,paiinting
sharp,ssharp
illustration,illuitration
peaceful,ppeaceful
monk,mon
vibrant,ibrant
flare,flarre
contrast,ontrast
dynamic,dynaamic
anamorphic,anamorphi
mystical,mysticaal
street,streeet
village,vsillage
organic,orrganic
organic,oxganic
octane,otcane
intricate,bntricate
volumetric,voumetric
flare,rflare
ethereal,erthereal
museum,umseum
octane,occtane
organic,organicc
masterpiece,masterviece
golden,oglden
bokeh,hokeh
textured,texttured
house,phouse
majestic,majesstic
mystical,mysticaal
photography,photosgraphy
museum,mzseum
contrast,contrbst
car,car
house,housse
hour,houl
nebula,nebulv
exposure,gxposure
peaceful,pdaceful
street,strete
car,car
golden,olden
detailed,detaield
gallery,galery
concept,concect
ethereal,etherkeal
golden,godlen
night,niyght
nebula,nnebula
pencil,jencil
dusk,dsuk
street,sreet
weathered,ewathered
surface,qurface
hour,horu
vibrant,vibrrant
forest,yforest
rendering,renderng
architectural,architectuural
monk,onk
starry,staarry
vibrant,vibrbnt
river,riiver
sunrise,sunrsie
unreal,urnreal
synthetic,syynthetic
village,villxage
car,car
masterpiece,masterpiecce
flare,flre
exposure,efposure
cinematic,cinematc
illustration,illustrastion
engine,eungine
gallery,galelry
elegant,qelegant
desert,esert
hour,hor
detailed,detialed
tree,zree
seascape,eascape
ocean,locean
rendering,redering
volumetric,voluumetric
shadows,shadosw
dynamic,ddynamic
rendering,rendkering
majestic,majestiz
atmosphere,atmosuphere
majestic,majestc
temple,temmple
ancient,nacient
illustration,ilelustration
bokeh,bokeeh
sketch,sktch
photography,phbtography
octane,octanne
night,zight
shadows,shaows
digital,digial
bioluminescent,biolumtnescent
monk,mokn
tree,tyree
sharp,shamrp
dynamic,dnamic
ancient,acient
hour,dhour
mountain,mounttain
exhibition,exhibtion
organic,orzanic
desert,desegt
surface,surfacee
street,sstreet
photorealistic,photorealistcc
rendering,renderinng
photography,photgraphy
concept,ctncept
futuristic,futjuristic
temple,templ
hour,hhour
engine,rengine
tree,trzee
ancient,acient
masterpiece,mmasterpiece
flare,flae
exhibition,exhibition
twilight,twilieht
portrait,portrat
twilight,twlilight
golden,rgolden
ethereal,ehtereal
ocean,occean
textured,teextured
intricate,intricte
street,setreet
mystical,mysticcal
nebula,neblua
vibrant,vibrnt
futuristic,futuriswtic
ocean,ocean
neon,nen
textured,tetured
masterpiece,maoterpiece
bioluminescent,bioluminjescent
atmosphere,atmospheree
city,gity
village,villvage
octane,octabe
desert,deesert
canvas,aanvas
glowing,sglowing
unreal,unnreal
textured,textured
majestic,majesbtic
cyberpunk,cyberaunk
octane,octanr
hour,hrour
organic,organuic
bokeh,bokehh
photorealistic,photorealicstic
forest,forbest
masterpiece,massterpiece
unreal,uenreal
hour,huor
monk,moonk
glowing,gloowing
textured,etxtured
portrait,porrtrait
sharp,shaurp
car,car
photorealistic,photorealisytic
octane,octanx
city,citt
architectural,arcrhitectural
volumetric,ovlumetric
rendering,renderiing
nebula,nebulaa
ocean,ocena
elegant,eleant
composition,compouition
twilight,twigight
composition,compohition
galaxy,alaxy
engine,engine
watercolor,waatercolor
unreal,unreaal
sharp,shar
museum,museumm
river,ricver
city,citt
intricate,nitricate
painting,painling
car,car
digital,ldigital
desert,wesert
car,car
exposure,exposurr
dynamic,dvnamic
bioluminescent,bioluminescent
forest,foest
river,irver
photorealistic,photoiealistic
masterpiece,masteerpiece
photorealistic,photorelistic
tree,ttree
volumetric,volhumetric
twilight,tjilight
museum,museumm
seascape,seascae
engine,egine
portrait,portraitt
organic,oranic
river,rriver
ancient,anciyent
anamorphic,anamorphih
cyberpunk,cberpunk
mountain,mountaain
watercolor,wwatercolor
starry,stadrry
landscape,lnadscape
pencil,penciil
sharp,shdrp
forest,foret
engine,engiqe
dynamic,ynamic
weathered,weatheredd
painting,oainting
atmosphere,atmsphere
monk,monzk
peaceful,peacefl
photography,photoglaphy
street,shreet
ocean,oceaan
octane,octne
volumetric,vaolumetric
pencil,penccil
house,hhouse
dusk,dunk
octane,otcane
bokeh,bokehh
oil,oil
tree,traee
ocean,cean
night,nght
vibrant,vfibrant
ancient,rancient
rendering,renndering
nebula,neula
gallery,galley
cinematic,ccinematic
museum,musezum
neon,nyeon
art,art
car,car
surface,suface
dynamic,dynamci
lens,hens
forest,forets
elegant,elegdant
illustration,llustration
street,strett
starry,starury
futuristic,futurivstic
bokeh,bkeh
ethereal,etherel
tree,tre
lighting,llighting
nebula,nebla
village,villaage
temple,temmple
exposure,eposure
anamorphic,namorphic
desert,ddesert
photography,photograchy
futuristic,futuristiic
museum,moseum
rendering,renderiing
volumetric,volummetric
shadows,hsadows
ethereal,etthereal
hyper,hhyper
engine,negine
photography,pohtography
ethereal,etehreal
hyper,khyper
landscape,landscap
city,citwy
mountain,mounatin
painting,pzinting
peaceful,peacefful
flare,fllare
sketch,sektch
car,car
mountain,mountaain
sunrise,snurise
hour,huor
art,art
hour,kour
render,rennder
river,rivver
surface,qsurface
sketch,skejtch
cyberpunk,cuyberpunk
digital,qdigital
temple,ttemple
pencil,ppencil
oil,oil
house,houe
house,houee
city,cioty
cinematic,cienmatic
sharp,shaxrp
anamorphic,anamorphi
glowing,gloowing
contrast,coxntrast
neon,enon
river,ariver
vibrant,vijrant
street,streett
composition,comosition
river,iriver
detailed,deteailed
unreal,yunreal
lighting,lighing
futuristic,futurigstic
hyper,hypeq
art,art
twilight,twiligght
illustration,llustration
night,nigh
landscape,landscaupe
ethereal,etherjeal
composition,composiion
atmosphere,atmospwhere
temple,tcmple
desert,esert
twilight,pwilight
composition,cmoposition
museum,museusm
forest,forest
forest,forset
pencil,peencil
hour,hourr
lens,lenns
organic,orrganic
monk,molk
ancient,ancizent
synthetic,synthettic
dusk,dussk
concept,oncept
house,houe
museum,musuem
masterpiece,masterpiee
mountain,mounatin
sketch,syetch
exhibition,ehibition
river,rive
gallery,gallepry
village,villgae
rendering,rendeering
desert,deert
shadows,shaddows
rendering,renderinng
golden,goldne
starry,stnarry
galaxy,galxy
forest,fporest
monk,mdnk
art,art
serene,serenee
bioluminescent,biooluminescent
composition,compoosition
ancient,aancient
dusk,dursk
village,villagg
dusk,hdusk
sketch,sketcx
river,rier
city,city
nebula,neblua
organic,organic
canvas,canfas
starry,stprry
car,car
painting,paintine
majestic,majsetic
nebula,lnebula
city,cipy
bioluminescent,biolumienscent
night,nqght
surface,furface
temple,temlpe
exposure,eposure
serene,erene
majestic,majesttic
desert,deseert
pencil,penci
nebula,nebuxa
oil,oil
weathered,weathereed
galaxy,galnxy
house,housse
unreal,unrkal
octane,octamne
exhibition,exhibhtion
desert,gesert
car,car
golden,gojlden
mountain,mountian
sharp,shharp
elegant,elegaynt
art,art
ancient,ancqient
mountain,mountaain
forest,foerst
seascape,seascapee
art,art
mystical,mystcial
starry,sttarry
lens,len
elegant,elegantt
lens,lens
sunrise,sunrisfe
temple,templee
sketch,skettch
weathered,weathreed
weathered,weathecred
galaxy,glaaxy
organic,orgnic
contrast,conetrast
house,huose
concept,cotncept
desert,edsert
monk,mnk
vibrant,vibrat
village,villaage
dusk,dudsk
volumetric,volumemtric
exposure,exposurre
textured,texhured
nebula,nebla
ocean,oceean
architectural,archfitectural
volumetric,volumetrci
mountain,mountalin
octane,ocatne
village,vijllage
museum,mueum
village,villaage
house,xouse
unreal,unnreal
canvas,canva
ancient,ancinet
monk,monr
futuristic,futuristie
concept,conncept
neon,non
canvas,ucanvas
exhibition,exhibtiion
landscape,landcsape
street,htreet
render,rnder
illustration,illustratio
textured,txetured
sketch,sketcw
engine,engine
neon,xeon
intricate,intyicate
mystical,mysticaal
portrait,portraitt
city,cigty
organic,oragnic
night,nght
lighting,lightin
serene,servene
ancient,sncient
ocean,ocejn
engine,engirne
masterpiece,matserpiece
museum,museu
monk,omnk
bokeh,obkeh
village,vilblage
synthetic,snythetic
river,irver
nebula,nedula
city,cit
city,cty
atmosphere,atmospehre
canvas,canvvas
hyper,hyyper
surface,surfacce
forest,forest
car,car
ancient,anient
unreal,unrbeal
river,riiver
cyberpunk,cyberpnk
painting,paintping
atmosphere,atmospheore
detailed,detaiiled
golden,golddn
portrait,porthait
illustration,illustration
night,inght
desert,desret
pencil,penciil
anamorphic,anazorphic
house,houuse
futuristic,futzristic
surface,surfce
village,villlage
museum,museuum
architectural,architectural
flare,falre
galaxy,galaxfy
twilight,twilighht
peaceful,peacefull
render,reneder
car,car
ocean,ocesan
tree,treee
street,srteet
bokeh,bookeh
architectural,archatectural
museum,mucseum
atmosphere,amtosphere
elegant,eelegant
octane,ociane
ocean,ocena
bokeh,ubokeh
surface,surfvce
dynamic,dynamc
digital,igital
dusk,ddusk
photorealistic,photorrealistic
mystical,systical
majestic,maljestic
unreal,unrael
ocean,ohcean
exposure,expoosure
elegant,elegaant
illustration,illustation
lighting,liighting
anamorphic,anaomrphic
painting,paintding
textured,textured
watercolor,waaercolor
architectural,architecctural
serene,sxrene
anamorphic,anaorphic
masterpiece,mastrepiece
night,ynight
photorealistic,photorealitic
monk,modk
cinematic,cinematc
seascape,seacape
futuristic,ufturistic
dynamic,dynammic
architectural,architectuarl
tree,ree
contrast,lontrast
focus,ocus
watercolor,watercoloor
atmosphere,atmospheroe
digital,digitdal
composition,ccomposition
oil,oil
sketch,sktch
anamorphic,anamoorphic
saturation,satuation
museum,museumm
digital,igital
city,city
exhibition,exhibitioi
architectural,architectrual
portrait,potrait
forest,nforest
vibrant,viibrant
desert,desect
ethereal,etheureal
majestic,majestiic
twilight,itwilight
village,villapge
exposure,ebxposure
anamorphic,anamoprhic
saturation,saturaation
desert,deseert
sharp,sharp
desert,desret
landscape,lnadscape
landscape,ladnscape
lighting,lihting
street,stieet
seascape,seascappe
ocean,oecan
textured,teextured
lighting,lightwng
city,cigy
glowing,gowing
river,oiver
textured,textured
dusk,ddusk
car,car
gallery,galzery
bioluminescent,bioluminesent
street,strete
futuristic,futuristil
sunrise,snurise
surface,surfkace
forest,forest
digital,ddigital
mountain,mountian
digital,digitaz
intricate,intricabte
shadows,shaadows
gallery,gallery
house,ouse
house,houne
dusk,ddusk
golden,glden
contrast,ccontrast
photorealistic,hotorealistic
bokeh,boeh
octane,octae
vibrant,vibrrant
bioluminescent,bioluminescen
futuristic,futruistic
oil,oil
digital,digyital
street,tsreet
atmosphere,rtmosphere
shadows,shadowws
forest,foreest
photography,phootography
peaceful,peaceful
volumetric,volcmetric
street,strete
weathered,weahered
anamorphic,anamorphiv
cinematic,cinpematic
surface,surfacx
detailed,ddetailed
illustration,illstration
house,houye
cinematic,cinemaatic
temple,temlpe
composition,compositon
intricate,intpricate
watercolor,watercolsr
concept,concpet
dynamic,diynamic
flare,flarde
majestic,majesticc
vibrant,vibran
sunrise,sunrisj
twilight,twiilght
octane,octane
shadows,shadokws
mystical,mrstical
nebula,nbula
rendering,rendeyring
city,citny
dusk,dusa
ocean,ocean
octane,cotane
watercolor,waterclor
anamorphic,anamorphic
hour,horu
oil,oil
exhibition,exhbition
futuristic,futuwistic
car,car
rendering,renderign
atmosphere,atmovphere
ethereal,etherea
desert,deseret
galaxy,galay
lighting,lightting
lighting,ligting
textured,tedtured
nebula,ebula
neon,neo
atmosphere,atmoshpere
pencil,pencbil
city,icty
house,houuse
forest,forespt
twilight,twiligh
sharp,sahrp
octane,ocfane
ocean,oecan
forest,fcrest
volumetric,volumetrc
village,vielage
mountain,mounttain
bokeh,baokeh
digital,migital
twilight,trwilight
glowing,glowisng
night,nnight
city,cityy
lighting,lipghting
rendering,renodering
exposure,exposur
sketch,skecth
flare,flarme
render,renvder
starry,starrk
car,car
neon,noen
monk,moonk
textured,textrued
ancient,anciennt
rendering,rednering
watercolor,waterbolor
gallery,galleory
dynamic,dynsmic
ocean,oyean
gallery,gllery
street,strkeet
photorealistic,photorealisitc
unreal,ureal
ocean,oecan
canvas,canvax
ocean,ocen
house,huuse
ocean,ocefn
pencil,qpencil
vibrant,vibrnt
monk,mokn
synthetic,sytnhetic
watercolor,watercooor
watercolor,awtercolor
elegant,eleegant
mountain,mountaqin
sunrise,surnise
volumetric,volumetriic
organic,orrganic
cyberpunk,cybverpunk
lens,ens
elegant,elegnat
mountain,mountian
temple,temle
weathered,weathred
street,screet
octane,cotane
forest,fdorest
shadows,sshadows
bioluminescent,boluminescent
house,jouse
concept,conccept
forest,forest
bioluminescent,bioluminesqent
rendering,rednering
masterpiece,msterpiece
weathered,weatherefd
dynamic,dynamic
masterpiece,masterpiece
car,car
ocean,oczan
village,villlage
dusk,dust
shadows,snadows
tree,taee
canvas,canvais
car,car
flare,flar
museum,museum
flare,flarre
ethereal,ethnereal
starry,tarry
octane,octne
forest,fdorest
contrast,contrast
render,rendre
bioluminescent,bioluminescentt
museum,musem
exposure,xeposure
flare,flarae
river,rivjr
monk,mokn
serene,seree
bioluminescent,biioluminescent
engine,hngine
weathered,weatherned
watercolor,wwatercolor
octane,joctane
sharp,shharp
tree,tzree
volumetric,vloumetric
desert,dessert
seascape,semascape
mountain,moungtain
lighting,ylighting
tree,tree
serene,sereene
golden,goldden
mystical,mysitcal
ocean,cean
oil,oil
flare,flsre
watercolor,watecolor
bokeh,boke
weathered,weathere
tree,tres
majestic,majesric
octane,octane
exposure,exposture
vibrant,vibrat
futuristic,futuristtic
dusk,duk
car,car
weathered,weathreed
street,sttreet
serene,sewrene
ocean,ocena
neon,noen
serene,seerene
ancient,ancient
forest,forrest
starry,starrz
village,village
nebula,nnebula
exposure,xposure
illustration,illfustration
tree,tre
organic,orgaanic
contrast,conttrast
peaceful,peaeful
desert,dseert
serene,aerene
intricate,ntricate
weathered,weathhered
mountain,mountan
mountain,mountainn
art,art
ocean,ocan
city,city
elegant,lelegant
lighting,lighting
intricate,kntricate
forest,foerst
organic,organicc
temple,tmeple
cyberpunk,cyberpunkk
engine,engine
oil,oil
sketch,skeetch
river,rivrer
landscape,landscaep
rendering,rondering
cyberpunk,cyberbpunk
galaxy,galaxxy
ancient,anciient
street,sstreet
composition,cmoposition
portrait,portraxit
landscape,landcape
ethereal,etheleal
bokeh,bkkeh
twilight,twwilight
atmosphere,atmmosphere
glowing,glowingg
cinematic,cinematc
river,rvier
starry,sarry
car,car
serene,sereene
ocean,ocena
canvas,canvvas
tree,treee
anamorphic,anamohphic
majestic,majesitc
textured,ttextured
weathered,wetathered
photorealistic,phtoorealistic
tree,trfe
mystical,ymstical
dynamic,dnamic
desert,gesert
surface,ssurface
desert,deseert
neon,neoyn
photography,photoography
sharp,shap
glowing,glwoing
village,vjllage
intricate,ietricate
nebula,ebula
masterpiece,msaterpiece
peaceful,pyaceful
organic,oorganic
exposure,eposure
volumetric,svolumetric
bokeh,vbokeh
masterpiece,masterpiese
ethereal,etheereal
synthetic,synthetim
surface,surace
lighting,lightuing
surface,surfce
ethereal,ethereal
rendering,renndering
street,sreet
hyper,hypfer
sunrise,sunribse
dusk,duskk
sketch,ksetch
portrait,portrait
hour,houz
dynamic,dpynamic
masterpiece,mbsterpiece
tree,ree
desert,deser
anamorphic,anaumorphic
focus,fcous
oil,oil
architectural,architecttural
hour,qhour
masterpiece,msterpiece
tree,tbree
ancient,ncient
tree,tre
street,streekt
house,hyouse
contrast,conztrast
atmosphere,atosphere
painting,paintiyng
engine,eengine
city,cit
ocean,oean
desert,desret
desert,desret
ocean,ocekn
twilight,twliight
canvas,cqanvas
octane,octanne
exposure,exposuer
surface,surfce
gallery,galler
art,art
desert,desertt
peaceful,peacefull
futuristic,futuirstic
temple,temtple
oil,oil
mystical,mystica
cinematic,cineatic
textured,texturde
dusk,dusw
forest,forrest
house,hiouse
neon,nen
house,qhouse
composition,composiion
saturation,saturgation
rendering,renderfng
illustration,illuustration
street,sreet
illustration,illusration
desert,deswrt
lens,xlens
sunrise,sunqrise
exposure,exponsure
unreal,unreil
temple,teemple
ancient,anient
lighting,pighting
focus,ffocus
surface,suhrface
canvas,canvsa
digital,digitl
textured,txetured
village,villlage
engine,kengine
dusk,dsk
masterpiece,masterpiecce
neon,non
cyberpunk,cyberypunk
weathered,weatvered
tree,tere
ocean,oean
art,art
weathered,weqthered
sunrise,sunrrise
river,rinver
contrast,contast
saturation,saquration
vibrant,virbant
forest,fores
city,cityy
unreal,unrreal
forest,fforest
car,car
cinematic,cinematci
masterpiece,masterpjece
desert,desqrt
monk,onk
digital,digiital
city,cty
landscape,landssape
surface,asurface
hyper,hymer
street,streeet
anamorphic,anamorphci
sunrise,suwnrise
focus,eocus
forest,forkst
nebula,nebuula
elegant,elgeant
glowing,zglowing
portrait,oprtrait
forest,foresst
atmosphere,atmosuhere
village,villgae
house,ouse
tree,tee
synthetic,synthhetic
detailed,detfailed
gallery,galllery
sunrise,sunrisse
exhibition,exhixition
night,inght
pencil,yencil
exposure,expposure
unreal,uunreal
bioluminescent,bioluminescenk
ethereal,etherreal
oil,oil
forest,frest
car,car
sharp,sxarp
synthetic,syynthetic
architectural,xarchitectural
city,cty
hyper,hyfer
canvas,canvad
car,car
weathered,weathere
painting,pjainting
flare,flarde
portrait,pofrtrait
house,housee
flare,flalre
forest,rorest
ocean,ocman
desert,deesert
weathered,eathered
ocean,ocan
river,rive
starry,satrry
tree,ree
cinematic,cineamtic
masterpiece,masterpiece
street,xtreet
monk,monnk
contrast,contrkst
masterpiece,qmasterpiece
village,villgae
majestic,mavestic
contrast,conntrast
focus,fous
elegant,elegat
futuristic,futuriistic
neon,nen
landscape,andscape
futuristic,futturistic
gallery,galleruy
house,housee
photorealistic,phootrealistic
detailed,detaled
lens,elns
bokeh,okeh
oil,oil
unreal,unreeal
car,car
nebula,nebxla
hour,houqr
monk,monnk
hour,hur
flare,flar
mountain,mountakn
tree,treee
watercolor,watercalor
photography,potography
gallery,galelry
art,art
concept,conecpt
masterpiece,masterppiece
photography,photyography
mountain,mountaitn
twilight,ttwilight
river,rivepr
majestic,maejstic
intricate,itnricate
organic,oerganic
composition,compositin
dusk,dunk
twilight,twillight
village,villgae
mystical,mysticial
mountain,mcuntain
sketch,sketcch
organic,orgnaic
car,car
mystical,mqystical
portrait,portrat
street,streeet
textured,tetured
watercolor,wahercolor
anamorphic,anamorpphic
village,vilage
dynamic,dynlmic
mystical,mkstical
landscape,landscaple
ethereal,ethereaal
flare,flalre
serene,serene
oil,oil
masterpiece,mmasterpiece
portrait,porthait
exposure,exposue
glowing,bglowing
serene,sernee
cyberpunk,cybeprunk
glowing,gloowing
futuristic,duturistic
car,car
mystical,mytsical
serene,serenee
anamorphic,anxamorphic
street,stree
ocean,oocean
painting,pacinting
glowing,glowingg
digital,dgital
village,vllage
street,strreet
textured,textureed
serene,sereae
art,art
village,villagi
museum,mnseum
tree,treu
contrast,contiast
lens,lenxs
mystical,mystical
octane,octan
neon,nejon
illustration,illustratioon
architectural,architecttural
cinematic,cinematci
village,villaeg
render,rendeer
painting,pannting
pencil,pnecil
landscape,landscaape
canvas,canwas
mystical,mystaical
tree,tre
bokeh,boekh
museum,museuum
cyberpunk,cybrpunk
composition,compposition
rendering,renndering
textured,textred
saturation,saturatioon
painting,paintin
focus,foocus
photorealistic,photorealisuic
village,villagee
volumetric,volumetqric
atmosphere,atmoosphere
monk,mornk
house,huse
twilight,twilighht
lighting,lightinng
village,villcge
canvas,canvat
cinematic,cinemaitc
oil,oil
nebula,nepbula
pencil,wencil
elegant,eleggant
focus,fcus
sunrise,snrise
desert,desertt
detailed,deailed
contrast,contirast
street,strete
surface,surfcae
forest,forst
galaxy,gblaxy
anamorphic,anamodphic
twilight,twilght
house,ehouse
atmosphere,itmosphere
illustration,illlustration
ancient,anciennt
neon,nen
street,strheet
weathered,ewathered
neon,nbeon
dynamic,ydnamic
tree,trzee
seascape,smascape
ancient,ancaent
textured,textureed
bokeh,btokeh
majestic,matjestic
night,nightt
car,car
house,huse
elegant,elegat
museum,musseum
textured,ntextured
lighting,liighting
composition,composithion
volumetric,volumhtric
lens,lenss
exhibition,exphibition
car,car
bioluminescent,boluminescent
river,rives
cyberpunk,ycberpunk
forest,fmorest
octane,ockane
majestic,majesitc
twilight,twiliight
gallery,galleery
seascape,seacsape
rendering,renderiing
flare,flaere
landscape,landscpae
synthetic,sonthetic
sunrise,unrise
glowing,glowingg
exposure,exposue
river,river
portrait,prtrait
mystical,jystical
focus,focurs
village,mvillage
ancient,ancvent
sharp,shaarp
textured,textuhed
portrait,purtrait
futuristic,uturistic
vibrant,vibraant
rendering,renderinyg
night,nigh
saturation,saturatizon
city,cty
forest,frest
photography,hotography
photography,photorgaphy
bioluminescent,bioluuminescent
exhibition,ehibition
sketch,sketcj
rendering,renderuing
hour,huor
synthetic,synhtetic
surface,surfce
river,riyer
anamorphic,anamorpihc
portrait,protrait
mystical,mysticay
exhibition,exhibitoin
ocean,oecan
weathered,weathreed
bioluminescent,biollminescent
render,rendr
lighting,eighting
watercolor,wdatercolor
street,strweet
elegant,elegnat
weathered,wweathered
sharp,sharpp
contrast,cyntrast
tree,tee
art,art
temple,tempple
focus,focux
house,hosue
composition,comlosition
dynamic,dynaamic
street,strreet
river,briver
flare,lfare
serene,serent
mystical,mysbical
peaceful,peapeful
museum,mmuseum
sketch,sektch
digital,digiatl
elegant,elggant
textured,btextured
village,villge
river,rver
city,ccity
intricate,intricat
unreal,unrel
galaxy,bgalaxy
shadows,shaodws
temple,tempqe
render,rendre
landscape,lfndscape
sunrise,sunurise
museum,musemu
mystical,mysgical
volumetric,voumetric
ethereal,etheral
majestic,mjaestic
tree,ttree
galaxy,gafaxy
canvas,anvas
illustration,illustratiion
weathered,weathered
monk,monf
night,nighlt
rendering,endering
volumetric,volumexric
landscape,ladnscape
temple,tmemple
architectural,parchitectural
ocean,ocena
unreal,unreas
desert,desezrt
oil,oil
dusk,dusk
ocean,oceaf
atmosphere,atmosphee
desert,sdesert
seascape,smeascape
unreal,unnreal
photorealistic,phottorealistic
composition,compojsition
desert,deseet
museum,museumm
anamorphic,anaamorphic
flare,flxre
golden,olden
exhibition,exxhibition
focus,ffocus
organic,oganic
galaxy,galax
starry,starry
tree,tre
surface,surfac
serene,serpene
ancient,anacient
oil,oil
mountain,mountaiin
nebula,nebuga
photography,phootgraphy
masterpiece,materpiece
surface,ysurface
majestic,majesyic
peaceful,peceful
lens,lenys
lens,lesn
rendering,renderung
hour,hhour
dynamic,ddynamic
oil,oil
engine,engnie
dynamic,dynamicc
majestic,majesitc
hyper,hyper
forest,foorest
seascape,saescape
architectural,architeectural
car,car
majestic,majestiic
weathered,weatheered
river,rivex
weathered,waethered
futuristic,futuriistic
painting,paintking
river,rivr
ocean,ocvan
landscape,lnadscape
composition,compositxion
dynamic,dynaimc
desert,vdesert
textured,textuured
octane,ooctane
sharp,shap
engine,enginee
organic,odrganic
oil,oil
portrait,porjrait
portrait,prtrait
gallery,galelry
ocean,coean
detailed,detaled
majestic,maejstic
sharp,shap
village,villge
canvas,canvass
anamorphic,anamorpeic
shadows,shrdows
octane,octkne
render,rendenr
village,illage
village,villagee
village,villlage
tree,ctree
night,ndght
monk,mon
photorealistic,phootorealistic
canvas,mcanvas
seascape,seascaape
concept,conceet
cinematic,cinbematic
serene,sereen
neon,meon
painting,paintiing
temple,temple
nebula,gebula
dusk,usk
portrait,prtrait
river,riveq
ethereal,etehreal
synthetic,syntheitc
elegant,eleant
tree,trhee
forest,fobrest
painting,paintinng
watercolor,watercoloor
volumetric,voumetric
art,art
lens,lenss
composition,composijtion
monk,mdonk
river,iriver
masterpiece,masterpiee
textured,texured
forest,forestt
desert,edsert
house,hoouse
landscape,lindscape
city,cty
surface,surrface
temple,tiemple
serene,serenee
car,car
concept,concetp
city,ity
museum,museuum
river,rvier
twilight,twiligot
peaceful,peacful
neon,neo
saturation,asturation
forest,forkest
seascape,seasceape
car,car
volumetric,vlumetric
peaceful,peaceful
ocean,ocena
cinematic,cinematiic
forest,forets
river,rier
desert,deseft
house,ouse
gallery,ganlery
focus,foocus
ocean,occean
unreal,unleal
composition,copmosition
majestic,majesttic
painting,paintiing
hour,houa
cyberpunk,cybsrpunk
concept,concetp
street,strezt
car,car
exhibition,exhibitioz
exposure,expovure
village,villarge
vibrant,vibrantt
glowing,glowing
night,niht
intricate,intricat
saturation,saturationn
city,city
flare,flcare
galaxy,galaxyy
city,ctiy
exhibition,exhibitionn
cyberpunk,cyerpunk
organic,ordanic
photography,pfotography
watercolor,wateroclor
temple,templee
tree,tere
street,treet
exhibition,exhibitoin
city,cty
forest,furest
river,ruiver
ancient,ajncient
anamorphic,anamyrphic
synthetic,syntheti
monk,mmonk
intricate,ntricate
car,car
photorealistic,phoztorealistic
house,ohuse
golden,gdolden
street,srteet
cinematic,cinematnic
car,car
hyper,hyyper
bokeh,bokhe
starry,sttarry
landscape,landsnape
house,house
galaxy,galaxly
street,stree
seascape,seascap
detailed,detailed
pencil,pencl
art,art
mystical,mystical
car,car
temple,templg
tree,trree
ocean,oceann
sharp,sarp
river,rivr
elegant,eleggant
oil,oil
river,riber
ocean,oean
house,hopuse
octane,cotane
house,hose
gallery,galleyr
glowing,glowiqg
concept,concept
sketch,sketh
village,vilage
illustration,illustrationn
village,villaage
focus,focus
majestic,majestic
desert,deesert
lens,lenns
intricate,intricat
forest,forets
city,citr
lens,slens
desert,desert
city,ciy
shadows,sadows
exposure,egposure
organic,orrganic
intricate,intricate
vibrant,vvibrant
sketch,sktech
hour,four
weathered,weathcred
exhibition,exhibitnion
digital,digial
pencil,pencli
lighting,lighing
render,renhder
shadows,sahdows
bioluminescent,bioluminesceft
desert,desedt
city,cityy
mountain,moutnain
exposure,expsure
masterpiece,mastjerpiece
photorealistic,photorealitsic
exposure,expzosure
forest,orest
forest,orest
house,housse
atmosphere,atmospher
village,villgae
shadows,shadow
engine,engone
watercolor,watercolror
portrait,portryit
bioluminescent,zioluminescent
synthetic,synthietic
starry,sarry
volumetric,volumetriic
bokeh,obkeh
canvas,canva
ocean,oceyn
saturation,katuration
engine,enginee
composition,composiiton
exhibition,exhibitison
flare,flae
peaceful,peacefu
city,ciity
painting,pdainting
forest,forst
temple,templle
art,art
sketch,sketch
lens,ens
tree,rtee
volumetric,volumetirc
nebula,neubla
portrait,portraik
oil,oil
hour,hobr
composition,ocmposition
hyper,hyepr
photography,photographhy
twilight,tiwlight
cyberpunk,ccyberpunk
mystical,uystical
volumetric,vplumetric
atmosphere,tmosphere
glowing,slowing
dynamic,dynamicc
cyberpunk,cyberpunnk
city,citty
neon,noon
painting,paintifg
engine,enigne
nebula,neebula
peaceful,peacceful
nebula,nnebula
architectural,architecturlal
architectural,jrchitectural
composition,compostiion
desert,deesert
saturation,saturatiion
twilight,twiilght
octane,octaie
lens,lenss
exposure,expbsure
painting,paintrng
glowing,gowing
city,citv
city,cilty
peaceful,peacefful
twilight,tcwilight
bokeh,bookeh
nebula,nebual
street,sreet
sunrise,sunise
forest,forest
unreal,unrel
mountain,mounstain
unreal,uunreal
river,rivre
twilight,twilihgt
starry,strry
city,cityy
weathered,weatheed
serene,serne
house,ohuse
river,rive
hyper,yper
concept,concepxt
textured,etxtured
exposure,extposure
render,renuder
hour,hvour
architectural,architecturla
mountain,mounjtain
twilight,wilight
village,yillage
cyberpunk,cyberxpunk
city,caty
masterpiece,mastvrpiece
render,rrender
river,rivei
mountain,tmountain
golden,olden
rendering,erndering
street,strete
masterpiece,masterpiecee
golden,ggolden
hyper,hyyper
ethereal,etheveal
weathered,weatherde
futuristic,futuristi
lighting,ligghting
illustration,illustrtaion
octane,octabe
render,rneder
oil,oil
octane,octtane
car,car
pencil,pnecil
composition,compositzion
illustration,illustratizon
seascape,eascape
volumetric,voolumetric
watercolor,wateercolor
forest,fvorest
oil,oil
nebula,enbula
unreal,sunreal
ethereal,etmereal
futuristic,futuritsic
mountain,mountein
glowing,gloiwng
exhibition,ehxibition
galaxy,gaslaxy
ocean,otean
masterpiece,masterpbiece
ocean,omcean
canvas,cavnas
village,vllage
forest,fores
car,car
desert,esert
galaxy,galax
oil,oil
detailed,detailedd
architectural,architetcural
photorealistic,photorealidstic
house,hosue
octane,octaen
render,rennder
exhibition,exhibiition
sunrise,sunirise
anamorphic,namorphic
desert,deert
watercolor,watercoor
engine,engnie
focus,focue
seascape,seascapee
mystical,mytsical
serene,esrene
illustration,illstration
shadows,hshadows
house,honse
sharp,sharp
surface,ssurface
shadows,shadjows
anamorphic,anamorphhic
futuristic,futurissic
city,cit
nebula,nebwula
ocean,ocaen
tree,trree
surface,suface
starry,staarry
street,strreet
tree,treee
monk,jmonk
illustration,illustraltion
elegant,legant
dynamic,dynkamic
intricate,imntricate
temple,tezple
unreal,uunreal
forest,fforest
forest,foiest
intricate,intricate
lens,wens
cinematic,cinemmatic
unreal,unrreal
night,nigght
masterpiece,asterpiece
majestic,majesstic
seascape,seascjpe
nebula,nebual
painting,paainting
digital,digital
organic,organci
ocean,ocea
focus,foucs
lens,hens
seascape,seascpe
ocean,ocea
weathered,weagthered
street,streey
elegant,elsegant
synthetic,synthqetic
forest,forset
ocean,oceean
forest,foorest
architectural,aarchitectural
village,villagge
cyberpunk,ccyberpunk
nebula,neubla
tree,tre
lens,lnes
volumetric,voluumetric
ocean,oocean
vibrant,vbrant
contrast,conlrast
desert,desnert
portrait,portrati
river,rievr
starry,sttarry
glowing,glowiing
unreal,unreal
gallery,gaallery
watercolor,gwatercolor
tree,tree
organic,oganic
shadows,shadws
elegant,eleagnt
digital,digital
art,art
monk,mokn
golden,goldeg
focus,foocus
lighting,ighting
bokeh,bbokeh
golden,goeden
sketch,sketch
intricate,intrricate
art,art
sharp,sharrp
village,viillage
forest,frest
canvas,acnvas
twilight,twlight
anamorphic,anamozphic
forest,foreist
concept,concep
hyper,hbper
concept,concpet
monk,monk
peaceful,peaceufl
bokeh,bbkeh
nebula,nebua
forest,foresyt
rendering,rennering
volumetric,volumetriic
watercolor,wftercolor
photorealistic,photrrealistic
painting,ppainting
bioluminescent,violuminescent
synthetic,synhtetic
museum,muuseum
mountain,nountain
octane,octan
ethereal,etheral
oil,oil
ancient,ancien
night,nighj
futuristic,futurisic
sharp,shaarp
digital,digiital
photography,phootography
majestic,majestci
glowing,glwing
city,icty
ocean,oceyan
painting,painitng
river,rizver
watercolor,wtercolor
forest,fourest
focus,foous
volumetric,volumetic
street,sttreet
watercolor,wvatercolor
dusk,dusk
majestic,mjaestic
bokeh,bokehh
ocean,ucean
pencil,peccil
watercolor,watrcolor
temple,tebple
canvas,canvvas
city,citey
museum,musemu
photography,photoography
oil,oil
flare,flrae
hour,hour
tree,trce
ocean,oceean
lighting,lighzing
bokeh,bpkeh
unreal,unrel
detailed,detailjd
street,streeet
sketch,sktch
watercolor,watercolor
nebula,nebulda
unreal,unrleal
volumetric,volumetirc
photorealistic,photorealitsic
canvas,anvas
volumetric,volmetric
galaxy,glaxy
portrait,portrit
contrast,contuast
canvas,canvas
ocean,cean
river,iver
galaxy,gvalaxy
ethereal,ethereao
detailed,deotailed
engine,enggne
river,ribver
desert,destrt
weathered,geathered
hyper,hypr
bokeh,bokeeh
sunrise,sunise
sharp,shart
house,hotuse
exposure,expoqure
house,ohuse
illustration,illustrattion
masterpiece,mmasterpiece
village,vilage
contrast,contarst
vibrant,vibrantt
car,car
ocean,occean
canvas,wcanvas
textured,uextured
concept,conocept
hour,hou
engine,engin
forest,forrest
photography,pphotography
atmosphere,atmoshere
illustration,illustration
desert,desertt
atmosphere,atmoshpere
neon,enon
peaceful,peacefdul
painting,paintinu
masterpiece,msaterpiece
street,stret
pencil,pecil
nebula,neula
museum,museu
starry,starry
painting,paintign
futuristic,futuristi
synthetic,synthtic
watercolor,wateroclor
textured,textuured
village,villagee
forest,fforest
engine,engiae
futuristic,fuuristic
river,rivem
monk,mnk
ethereal,ethcreal
exhibition,ehxibition
engine,enginbe
house,houee
contrast,ocntrast
house,hjuse
desert,jdesert
dynamic,dynambc
lighting,lighhting
dynamic,dynamc
octane,otcane
temple,tempel
sunrise,sunrisee
painting,paintiing
street,tsreet
car,car
forest,forestt
seascape,seasyape
hour,our
composition,compposition
ethereal,etheral
digital,digitsl
sharp,ssharp
street,strete
river,yiver
city,ciy
architectural,architecbtural
concept,concepht
vibrant,virant
elegant,elegcnt
sketch,sketci
temple,temple
illustration,ilulstration
city,cty
painting,paintnig
monk,monkk
ocean,ocena
surface,surfcae
lighting,lghting
neon,noen
tree,tuee
city,cit
painting,paintng
textured,texrured
masterpiece,masterpiee
mystical,mmstical
ocean,okcean
detailed,detaied
pencil,peencil
illustration,iollustration
twilight,twiliht
neon,nneon
portrait,porrtait
bokeh,bokeh
masterpiece,amsterpiece
concept,concept
rendering,rjendering
serene,serent
mystical,mysstical
art,art
organic,organfc
sunrise,surise
city,citcy
tree,trewe
tree,iree
oil,oil
lens,lnes
exhibition,exhibiion
intricate,intricate
desert,deesert
starry,stariry
bokeh,bfkeh
desert,deesrt
street,stkreet
detailed,detaialed
city,ciity
golden,goolden
futuristic,futurstic
anamorphic,naamorphic
anamorphic,anamorphc
forest,forestt
forest,fornst
masterpiece,masterpiec
golden,goden
starry,staryr
watercolor,waterclor
pencil,peencil
tree,tere
unreal,unreeal
landscape,plandscape
focus,fous
river,riiver
dynamic,dynatic
tree,trete
render,rendr
anamorphic,anamorphicc
flare,flre
majestic,majostic
landscape,landsczape
monk,omnk
detailed,detailled
oil,oil
dynamic,dynaamic
monk,onk
unreal,unqeal
shadows,shadosw
masterpiece,masterpiele
city,wity
bioluminescent,bioluminesccent
cyberpunk,cyyberpunk
sharp,shavrp
volumetric,voluetric
intricate,intricste
mystical,mstical
textured,textureed
desert,dssert
temple,tumple
organic,orgnic
focus,focus
bokeh,obkeh
river,iver
starry,starrry
neon,neon
photorealistic,photorealistci
village,villagqe
river,rihver
city,ucity
night,nighkt
ancient,acnient
atmosphere,atmospthere
unreal,uznreal
village,villlage
focus,fovus
oil,oil
neon,noen
oil,oil
night,nigh
night,niggt
futuristic,wfuturistic
watercolor,waetrcolor
temple,temeple
organic,oorganic
car,car
rendering,renderinng
gallery,cgallery
bioluminescent,bioluyminescent
vibrant,viibrant
gallery,gllery
forest,furest
bioluminescent,biolzuminescent
mountain,omuntain
street,stqreet
atmosphere,amtosphere
lens,luens
temple,ttemple
dusk,duks
forest,fodest
focus,focus
peaceful,epaceful
futuristic,futristic
concept,conceept
car,car
vibrant,virbant
focus,ofcus
night,nighf
desert,denert
sunrise,sunriise
weathered,wetahered
oil,oil
engine,engin
atmosphere,atmossphere
engine,ngine
focus,foaus
forest,foirest
city,citwy
ethereal,etherewal
glowing,gloiwng
render,renver
focus,focs
bokeh,obkeh
elegant,elgant
river,rivver
house,hosue
organic,organoic
architectural,architectuural
car,car
bioluminescent,biolumiinescent
surface,suface
gallery,galdlery
sunrise,sunrisbe
surface,xsurface
desert,desertt
contrast,contrst
bioluminescent,biooluminescent
museum,musum
cinematic,cinemaatic
gallery,galleyr
photorealistic,phjotorealistic
city,lcity
anamorphic,anaamorphic
focus,ofcus
sketch,sketch
volumetric,vlumetric
neon,nen
car,car
hour,hour
village,illage
car,car
lighting,ligthing
painting,paintting
surface,ssurface
shadows,shyadows
rendering,rendering
serene,sereene
contrast,contryst
pencil,penciil
intricate,intriccate
river,rievr
sketch,ksetch
volumetric,volumetriyc
weathered,weathehred
illustration,iillustration
street,tsreet
ethereal,etheeral
shadows,shadwos
photography,photogrphy
cinematic,cinematij
pencil,penncil
river,rivewr
desert,deesert
lens,mlens
village,villagge
pencil,pxncil
tree,true
organic,ogranic
museum,mueum
mystical,mysical
painting,paintng
desert,deser
museum,museumm
rendering,rendreing
watercolor,swatercolor
gallery,galfery
cinematic,ciinematic
photography,phootography
city,icty
mountain,montain
volumetric,volumetriic
village,illage
cyberpunk,cyberpukn
unreal,nreal
golden,gollden
textured,textureed
sharp,harp
landscape,flandscape
canvas,canva
hyper,hyper
canvas,cnavas
village,viillage
nebula,nnebula
hour,ihour
village,vilsage
temple,tedple
cinematic,cniematic
forest,forrest
majestic,majestia
art,art
oil,oil
exposure,exposurre
cyberpunk,cyberpunk
museum,emuseum
desert,deseert
sunrise,sunnrise
tree,tyee
exhibition,exhibitioon
surface,sruface
neon,eon
ocean,oceaan
masterpiece,masteyrpiece
ocean,ocezan
museum,museuum
painting,paintingg
weathered,weatthered
car,car
exhibition,exhibitio
surface,surfacj
photorealistic,photorealistirc
cyberpunk,cyberpunkk
bioluminescent,biolduminescent
ancient,nacient
gallery,gallerry
nebula,ebula
detailed,detailedd
forest,norest
ocean,oceaw
glowing,glowign
neon,neon
sunrise,sunrise
canvas,canvs
ocean,oceean
dusk,dusek
vibrant,vibant
city,cityy
dusk,duskk
concept,ocncept
bokeh,bokhe
desert,dresert
street,sttreet
masterpiece,masterpiecxe
concept,conncept
car,car
lighting,lighitng
focus,fopus
photography,photoggraphy
exhibition,exihbition
bokeh,bokh
village,vilalge
pencil,penccil
house,hoouse
detailed,dettailed
forest,foresht
street,strmeet
elegant,aelegant
oil,oil
watercolor,waterolor
village,vlilage
unreal,unreagl
anamorphic,anamorpphic
sharp,shabp
intricate,intriccate
serene,seerne
village,villlage
engine,negine
flare,ftlare
weathered,weahered
desert,desegt
cyberpunk,cybrpunk
mountain,mountasn
watercolor,watercnolor
bokeh,boke
composition,composiion
twilight,twwilight
photography,phoitography
river,miver
starry,starryy
architectural,architetural
illustration,illustqration
temple,temmple
hour,houur
village,vnillage
temple,tesmple
exhibition,exhibition
photography,phtography
contrast,conarast
desert,deesert
anamorphic,anammorphic
concept,conceptt
ancient,anccient
flare,flajre
concept,condcept
village,villagge
seascape,seascape
textured,texturyd
street,streeet
organic,organxic
neon,non
desert,deserrt
forest,gorest
village,village
composition,compoeition
river,riiver
canvas,canvs
ancient,xncient
unreal,unreeal
sharp,sharrp
atmosphere,tmosphere
exposure,exosure
photography,photograhpy
house,hhouse
pencil,pencis
focus,ocus
unreal,uunreal
city,citty
watercolor,watercoloor
city,ccity
flare,flare
tree,tee
photography,photnography
portrait,portramt
cinematic,dcinematic
elegant,elegan
ocean,oocean
forest,frest
intricate,intricte
forest,forst
forest,forxst
twilight,twilighht
focus,foceus
house,hoouse
synthetic,sytnhetic
bokeh,bokeih
house,housfe
concept,concep
street,sreet
painting,painzting
organic,organicc
desert,desrt
ocean,ocan
ancient,ancieent
nebula,nnebula
digital,digial
detailed,detiled
village,villag
shadows,shaddows
glowing,glowign
engine,eengine
textured,texturd
canvas,canvds
night,nigth
vibrant,vibvant
tree,ttree
composition,colmposition
lens,llens
elegant,jlegant
mystical,msystical
starry,sstarry
engine,ngine
illustration,illustraton
desert,desrt
rendering,renderiwng
desert,bdesert
photorealistic,photorealisttic
tree,treze
canvas,cannvas
river,iver
cinematic,cinomatic
elegant,epegant
illustration,ilustration
sunrise,surise
hour,hour
concept,oncept
flare,fflare
cyberpunk,cyberpuk
glowing,glowinv
seascape,seaascape
house,qhouse
mountain,omuntain
hour,housr
car,car
octane,octkane
village,vllage
street,svreet
city,ciay
architectural,architecutral
ancient,anient
river,iver
masterpiece,masterpiuce
oil,oil
car,car
desert,deserrt
river,rievr
flare,rflare
galaxy,galxy
masterpiece,msaterpiece
ethereal,eethereal
weathered,wathered
lighting,lightinc
composition,compxosition
intricate,intrcicate
golden,golden
illustration,ilelustration
exposure,expoosure
saturation,saturtion
detailed,detailed
desert,deseru
golden,godlen
engine,engien
mountain,montain
monk,omnk
synthetic,synthetiu
river,rivr
desert,deesrt
starry,tarry
galaxy,golaxy
mountain,mountainn
street,stret
forest,forrest
oil,oil
golden,olden
watercolor,watercoor
rendering,mrendering
nebula,nebuula
mystical,myystical
mystical,yystical
house,housp
hyper,hyer
hour,gour
cinematic,cinematip
vibrant,vibreant
dusk,drsk
shadows,shados
cyberpunk,cyberpuunk
unreal,unreeal
volumetric,volumetirc
landscape,lanhscape
tree,tkee
focus,pocus
glowing,glownig
mystical,mystica
village,iillage
gallery,gallrery
landscape,landsacpe
house,housee
museum,museum
futuristic,fuuturistic
bioluminescent,biolummnescent
render,rendr
majestic,mamestic
desert,desrt
bioluminescent,bioluminscent
lens,lxns
sketch,skitch
golden,golde
rendering,rekndering
hyper,xhyper
elegant,elvegant
shadows,sdadows
saturation,satruation
organic,ornanic
hour,hou
dusk,dzsk
house,hose
starry,stary
flare,fllare
house,hotuse
monk,monfk
house,housee
photorealistic,photorealisti
bokeh,cokeh
mountain,montain
masterpiece,masterpiece
futuristic,futuritstic
ethereal,etnereal
temple,tempile
shadows,shadowhs
dusk,dusa
surface,surrface
flare,fllare
cyberpunk,cyberpuk
neon,neon
textured,texnured
desert,deesert
synthetic,syntthetic
tree,treee
volumetric,volupmetric
photorealistic,photoorealistic
weathered,eathered
photography,phoography
architectural,architecturail
river,rever
nebula,nerula
photorealistic,phkotorealistic
sketch,sketc
concept,conceptt
gallery,gaxllery
house,houe
tree,tree
surface,surfacee
museum,museeum
render,relnder
sketch,sketuh
canvas,canvay
elegant,elegat
photorealistic,phootorealistic
museum,musum
hour,nour
atmosphere,atmmosphere
synthetic,synthetc
ocean,occean
textured,tegxtured
river,rvier
village,vilbage
neon,neovn
mystical,mysticdl
street,streeet
street,stret
cyberpunk,cyberpuunk
rendering,renderijg
neon,nen
cyberpunk,cytberpunk
engine,enggine
street,sctreet
forest,orest
render,rexder
cyberpunk,yberpunk
house,housse
concept,concet
galaxy,gajlaxy
composition,compoistion
museum,mueum
temple,templue
photorealistic,photorealisttic
monk,monk
glowing,ylowing
car,car
illustration,illustration
serene,serrne
textured,tetxured
shadows,shadow
portrait,portrrait
render,renedr
house,hgouse
galaxy,gaaxy
forest,fores
canvas,canvac
sketch,ssketch
desert,deisert
glowing,gglowing
lens,lenns
vibrant,viibrant
seascape,seaascape
atmosphere,aatmosphere
futuristic,futuristic
lighting,lighitng
detailed,dedtailed
vibrant,vigbrant
unreal,urneal
house,hosue
textured,texturzd
mountain,xmountain
cinematic,cinevatic
pencil,nencil
forest,orest
textured,texturde
car,car
masterpiece,masterpece
photorealistic,photorealitic
car,car
contrast,gontrast
surface,suvface
concept,ckncept
river,rievr
dynamic,dyanmic
illustration,illustraton
neon,nen
majestic,majeitic
photography,phottgraphy
ancient,aancient
cyberpunk,yberpunk
concept,clncept
sharp,shar
peaceful,peacefful
dynamic,dynemic
unreal,uunreal
nebula,ebula
digital,digitaw
render,rendez
exposure,explsure
octane,octape
sharp,shaorp
shadows,sbhadows
street,streeet
mystical,mysticaal
cyberpunk,cyberunk
monk,mohk
mountain,moujtain
ocean,cean
ocean,oceasn
monk,mobk
futuristic,futuuristic
street,qstreet
village,ivllage
nebula,vnebula
vibrant,vibxant
anamorphic,anamorphsic
cyberpunk,cyberpunnk
photorealistic,photorelistic
unreal,urneal
peaceful,pelceful
tree,treee
ocean,ocena
desert,bdesert
architectural,archimtectural
synthetic,synthebtic
masterpiece,masterpiecee
forest,mforest
sharp,sharb
house,houuse
monk,mok
render,mrender
river,rive
starry,strry
village,vilslage
saturation,saturvation
house,house
volumetric,voluumetric
landscape,lanndscape
city,kity
gallery,galllery
city,ctiy
seascape,seakscape
temple,teople
painting,paninting
peaceful,epaceful
unreal,ureal
majestic,majesti
portrait,potrrait
painting,panting
focus,fcus
cyberpunk,icyberpunk
ocean,cean
ocean,oceaf
seascape,seascale
weathered,weatheerd
focus,fous
exhibition,exhibitioon
portrait,ortrait
forest,forset
architectural,architecturaal
dusk,dmsk
river,riveqr
sunrise,suunrise
sunrise,snrise
weathered,wseathered
saturation,saturatioon
cinematic,cinmatic
art,art
art,art
serene,serene
exposure,exposume
glowing,golwing
temple,templve
saturation,aturation
city,citty
forest,forrest
organic,organqic
rendering,renndering
composition,commposition
street,sjreet
village,villlage
unreal,unreal
synthetic,synthetlic
elegant,eljegant
rendering,retdering
city,ciyt
river,rivxr
oil,oil
forest,foaest
village,ivllage
galaxy,galaxmy
atmosphere,atmsphere
shadows,hsadows
intricate,intrictae
illustration,illlustration
tree,trree
masterpiece,masteriece
hour,oour
sunrise,ssunrise
masterpiece,madterpiece
textured,txetured
ocean,cean
anamorphic,anamqrphic
oil,oil
oil,oil
twilight,twiligth
mountain,mountainn
ancient,anciient
house,hhouse
street,srteet
saturation,sautration
surface,srface
forest,forset
gallery,gallery
sketch,sketczh
sharp,sharpp
river,rwiver
village,villlage
canvas,caunvas
nebula,nekula
sketch,sketchh
car,car
golden,goden
sharp,hsarp
anamorphic,anamorpihc
masterpiece,masterpiece
octane,octanw
unreal,ureal
tree,ztree
ocean,cean
forest,frest
car,car
glowing,glowinu
golden,golde
synthetic,snthetic
pencil,pencl
pencil,pegcil
cinematic,cinemaitic
forest,foxrest
organic,oorganic
seascape,esascape
twilight,twiliht
mountain,mountaain
bioluminescent,bioluminesecnt
detailed,detaled
starry,scarry
galaxy,galazy
ocean,ocea
desert,desqrt
masterpiece,mastetpiece
neon,nekn
temple,templ
vibrant,vibrnt
car,car
golden,gohlden
gallery,galler
majestic,majektic
glowing,glowidng
illustration,illusration
rendering,rvendering
serene,serenfe
forest,froest
city,ciity
dynamic,dynamivc
anamorphic,anamorphil
ocean,cean
majestic,majesic
sharp,shabrp
glowing,glownig
village,villlage
volumetric,volunetric
city,cityy
majestic,majestic
concept,concet
concept,concep
village,wvillage
photorealistic,photorewalistic
illustration,illuustration
digital,digitail
exhibition,exhibiiton
portrait,portrsit
seascape,saescape
majestic,majjestic
photorealistic,photurealistic
car,car
digital,digitxal
house,houe
ethereal,ethereul
twilight,twilighat
shadows,shadopws
canvas,canvvas
composition,copmosition
lens,lnes
neon,neoon
pencil,poncil
city,cty
car,car
ocean,ocena
forest,foresdt
watercolor,watercolnor
elegant,eleganw
weathered,weothered
anamorphic,anamorphio
anamorphic,anamrophic
watercolor,watjercolor
nebula,nebhla
elegant,ylegant
masterpiece,masgterpiece
canvas,cannvas
render,rendeer
art,art
neon,neonn
anamorphic,adamorphic
starry,satrry
flare,lfare
shadows,shadowss
engine,engiee
gallery,galglery
engine,negine
render,rende
temple,etmple
village,village
rendering,renderign
illustration,illustraiton
ancient,lancient
car,car
illustration,illustration
detailed,doetailed
weathered,weathreed
oil,oil
illustration,illustratiion
landscape,landscagpe
ocean,oceavn
unreal,ujreal
lens,leny
volumetric,volumehtric
pencil,penciil
engine,eengine
photography,photographhy
bioluminescent,bioluminescfnt
ocean,ogean
river,rivre
octane,ouctane
ethereal,etheral
sketch,skench
glowing,lowing
contrast,cotnrast
peaceful,peayceful
city,ciwy
atmosphere,atmcosphere
canvas,cnavas
rendering,renderxng
weathered,weathebred
dusk,dusqk
composition,compoistion
art,art
tree,tee
sunrise,sunriise
tree,ttree
focus,ofcus
exhibition,exhibition
majestic,amjestic
city,citty
temple,tempee
serene,tserene
contrast,ontrast
ethereal,tehereal
sunrise,sunnrise
street,ntreet
galaxy,gailaxy
octane,octtane
photorealistic,photorealisti
shadows,shadowws
desert,deserrt
majestic,majestic
landscape,landscapn
volumetric,voluometric
nebula,nebual
golden,goolden
elegant,elgant
hour,hur
illustration,iillustration
volumetric,volumetrie
golden,goldenn
exposure,expssure
octane,otcane
exhibition,exhibitiion
lens,elns
dusk,dupk
surface,surace
textured,textued
pencil,epncil
organic,orgnic
river,rivefr
village,villadge
flare,falre
anamorphic,anamomrphic
nebula,neubla
night,nigat
flare,flae
saturation,saturatino
dynamic,dynaqmic
dynamic,dynazmic
photorealistic,photorelistic
art,art
elegant,elegaant
intricate,hntricate
car,car
digital,digitzal
forest,foest
galaxy,gayaxy
sharp,shrarp
car,car
river,rivver
starry,sxtarry
museum,museuum
canvas,canas
volumetric,vloumetric
car,car
museum,musum
oil,oil
textured,texturef
canvas,caneas
sunrise,sunrtse
bioluminescent,bioluminuescent
unreal,umnreal
sunrise,sunrisee
masterpiece,masteirpiece
weathered,weatheered
golden,golen
street,sstreet
lens,ens
majestic,hajestic
twilight,twiliget
nebula,nebucla
lighting,lihgting
octane,octanee
portrait,portrai
museum,musgeum
sketch,sketchh
intricate,intricwte
hour,horu
watercolor,watrecolor
desert,desaert
starry,starry
mountain,mountain
city,citay
anamorphic,anamorphicc
desert,desevt
tree,trer
gallery,galelry
oil,oil
night,nght
painting,painitng
masterpiece,masterpicee
atmosphere,tamosphere
focus,focs
watercolor,watercoolor
cyberpunk,cyerpunk
elegant,elegant
dynamic,dyuamic
starry,starqry
tree,ree
weathered,weathred
photography,photfography
street,streep
house,houye
seascape,heascape
lighting,lightig
river,rvier
photorealistic,photorealistjic
painting,paintirng
rendering,reondering
street,rstreet
canvas,canvass
monk,omnk
street,street
starry,tsarry
city,ycity
sunrise,snurise
canvas,cnavas
exhibition,exhiibition
house,huse
starry,sttarry
lighting,ighting
monk,onk
neon,neon
focus,focus
dynamic,dynamiz
ancient,ancietn
night,nigkht
glowing,glowinng
dusk,duusk
futuristic,futcuristic
forest,froest
ethereal,ethereaal
textured,textunred
dynamic,dynaminc
sketch,ketch
twilight,twiylight
organic,organnic
night,nighht
street,strepet
unreal,unrreal
twilight,twulight
concept,xconcept
river,riiver
hour,ohur
surface,sufrace
seascape,seasape
sunrise,sunrgse
canvas,canvsa
village,village
concept,roncept
surface,surfacee
anamorphic,anamophic
rendering,reydering
cyberpunk,cybberpunk
cinematic,cinemaatic
mountain,mounttain
lighting,ligeting
ancient,anciennt
ocean,oceean
watercolor,watercoeor
desert,deserz
hyper,hyrer
landscape,landscpe
weathered,ewathered
detailed,detaield
peaceful,peactful
volumetric,volumtric
sunrise,punrise
car,car
octane,octanne
house,hous
peaceful,peahceful
museum,museaum
futuristic,futuristci
car,car
octane,roctane
house,holuse
elegant,elegjnt
photography,phyotography
village,illage
city,cwity
village,vilzage
golden,goldeen
ocean,ocan
temple,temlpe
sketch,skettch
intricate,nitricate
volumetric,volumetric
weathered,weatheref
golden,goldeen
river,rvier
mountain,mtuntain
futuristic,uturistic
river,riverr
volumetric,volumeric
river,tiver
mystical,msytical
cyberpunk,cyberpnk
canvas,cmnvas
starry,staryr
saturation,satunration
night,nigh
painting,paainting
night,nigt
river,siver
car,car
weathered,weatherred
mountain,mmountain
seascape,seascpape
ocean,ocaen
synthetic,syndhetic
shadows,shaodws
photorealistic,photoorealistic
landscape,lahdscape
desert,udesert
weathered,weatheued
river,riveir
gallery,qallery
river,rver
octane,noctane
village,ivllage
pencil,penncil
dynamic,dynamc
synthetic,syntheeic
night,nighht
sketch,skeetch
detailed,detayiled
rendering,rendyring
river,rivej
cyberpunk,cybrepunk
forest,fforest
illustration,illustration
weathered,weathered
city,iity
ocean,oceas
concept,concep
cinematic,cineematic
neon,neonn
elegant,elegzant
mountain,mouxtain
river,rixver
street,streek
contrast,contras
ancient,anncient
temple,temople
weathered,wenthered
saturation,saaturation
tree,treee
anamorphic,anamrophic
saturation,saturatino
pencil,penicl
unreal,uneral
vibrant,vibraant
monk,moonk
intricate,intrictate
exposure,exposure
render,renuer
contrast,contjast
river,rive
ethereal,ethiereal
digital,digitpal
lighting,liighting
photorealistic,photorealistic
flare,flaer
car,car
saturation,saturation
lens,lnes
sharp,shgarp
cyberpunk,cyberunk
elegant,elegnat
street,tsreet
composition,compostion
ocean,cean
cinematic,cinematci
mystical,mytsical
majestic,maestic
canvas,canvs
sharp,shabp
concept,conccept
dusk,duskk
serene,seerne
hour,sour
tree,trgee
lens,elns
landscape,lanndscape
tree,tren
watercolor,wategrcolor
ethereal,etereal
anamorphic,anamorwphic
river,rivre
tree,rtee
hyper,hgyper
weathered,weatheerd
futuristic,futuristic
illustration,illustratixn
desert,deswert
watercolor,wathercolor
twilight,zwilight
weathered,weatherekd
city,city
night,nigt
cyberpunk,cyberpunkk
tree,stree
elegant,ejlegant
canvas,cainvas
seascape,seasape
atmosphere,aatmosphere
mystical,mmystical
hyper,hypeh
elegant,eleggant
octane,opctane
atmosphere,atosphere
nebula,neebula
engine,qngine
shadows,shados
architectural,avchitectural
detailed,detailed
mystical,mysttical
photorealistic,photorealistc
nebula,nebulka
octane,octanpe
organic,oganic
bioluminescent,ubioluminescent
hour,hhour
ocean,ocea
composition,composittion
synthetic,szynthetic
city,scity
city,ciity
flare,flaze
twilight,twwilight
street,sttreet
oil,oil
shadows,sahdows
organic,orgnaic
galaxy,gaaxy
museum,mseum
anamorphic,andmorphic
photography,photograpyh
car,car
sketch,skeych
illustration,illustratioy
ocean,oceapn
river,rives
cyberpunk,ycberpunk
city,ity
weathered,weaghered
temple,templle
futuristic,fuuturistic
house,hokse
painting,paining
digital,ddigital
neon,eon
gallery,allery
composition,compositiaon
sharp,shapr
desert,deserrt
mountain,moountain
sunrise,sujnrise
surface,surfcae
tree,tree
majestic,majestic
cyberpunk,cyberppunk
forest,foret
exposure,exposuer
car,car
exposure,expogsure
octane,octne
cinematic,cinematirc
gallery,gllery
octane,otcane
vibrant,vtbrant
city,ccity
portrait,porrait
pencil,pecil
textured,textred
lens,lens
city,ciity
mystical,mysticlal
glowing,gllowing
village,vilcage
glowing,glowiing
watercolor,waercolor
gallery,galery
cinematic,cinemtaic
surface,ssurface
gallery,gllery
canvas,cnavas
sunrise,ssunrise
forest,foest
car,car
elegant,elegant
shadows,shadolws
ocean,ocqean
flare,flaare
unreal,unreaal
cinematic,cinematc
contrast,coontrast
weathered,weatherfed
contrast,contrrast
textured,texturde
seascape,seaqscape
sharp,sharpp
flare,xflare
volumetric,voluetric
art,art
canvas,canvs
ocean,ocan
textured,textuerd
digital,digitaal
ethereal,ethereeal
monk,moxk
rendering,renderinvg
composition,compositiion
city,ity
starry,stazrry
composition,copmosition
mystical,mysbical
photorealistic,photorelaistic
lighting,ligting
shadows,shadowws
forest,forestt
city,ctiy
octane,octfane
forest,foreht
serene,serrene
bokeh,buokeh
weathered,weathered
sharp,sahrp
tree,tre
focus,focuas
hyper,hypr
city,citwy
portrait,iportrait
village,viltlage
octane,octae
sketch,psketch
seascape,seascaape
house,hoiuse
cinematic,cienmatic
mountain,gountain
composition,compositin
illustration,illustbration
focus,ffocus
house,huse
village,villaghe
painting,paixnting
mountain,momntain
street,sstreet
twilight,twlight
landscape,landscawpe
dynamic,dynaic
exposure,ehposure
unreal,nureal
intricate,inturicate
composition,omposition
flare,flrae
village,illage
hour,hgur
hour,honr
photorealistic,photoreailstic
peaceful,peacefujl
tree,tee
photography,photogrqaphy
hour,hoqr
forest,forest
village,villagy
architectural,acrhitectural
canvas,canvs
watercolor,waatercolor
textured,teetured
nebula,nebcla
engine,enjgine
surface,surfae
digital,digittal
museum,museeum
watercolor,watercoor
galaxy,galaaxy
mystical,mystiical
forest,frest
photorealistic,photoreaxlistic
temple,temmple
digital,idgital
sharp,sharpp
detailed,dettailed
sunrise,sunris
intricate,intriccate
unreal,unrepl
tree,tre
octane,coctane
starry,stqrry
volumetric,volumetri
car,car
pencil,pencibl
street,streeot
museum,mmuseum
neon,nein
river,rriver
ethereal,ethaereal
contrast,conntrast
render,rendtr
forest,froest
hyper,hyper
rendering,rundering
ancient,ancieny
street,snreet
rendering,rendeering
desert,deosert
golden,volden
digital,digizal
weathered,waethered
house,houe
forest,torest
sharp,shharp
river,riverr
portrait,pjrtrait
hyper,hypfer
village,villaeg
detailed,detaild
intricate,intricaate
flare,flrae
cinematic,cjinematic
digital,digdital
bioluminescent,bioluminesceot
futuristic,futurristic
house,houes
digital,digital
bokeh,bookeh
majestic,masestic
seascape,seaseape
illustration,illustration
gallery,glallery
octane,octaane
textured,tektured
dusk,dus
volumetric,volvmetric
village,ivllage
lens,ens
street,sstreet
anamorphic,anamgorphic
elegant,elegan
galaxy,galajy
starry,staryr
architectural,archotectural
starry,sttarry
mystical,mstical
village,viplage
vibrant,vibrabnt
car,car
sketch,sktch
temple,templee
lighting,lightiing
sharp,sharkp
nebula,eebula
oil,oil
weathered,weiathered
galaxy,galahy
octane,boctane
sketch,skech
dynamic,dynaic
lens,lenk
desert,desemrt
temple,tempe
serene,sernene
neon,non
forest,fjrest
detailed,detaile
galaxy,galayx
weathered,ewathered
tree,trpe
village,villlage
peaceful,peacefull
river,rier
neon,nseon
gallery,oallery
bioluminescent,biolumniescent
detailed,etailed
cinematic,ciematic
volumetric,volumnetric
vibrant,vibrnat
anamorphic,naamorphic
night,bnight
unreal,uknreal
dusk,dsk
focus,zocus
ocean,oceay
ocean,oecan
canvas,canvs
house,hoouse
landscape,llandscape
cyberpunk,cybrpunk
serene,slerene
sunrise,unrise
twilight,wtilight
bokeh,bokxh
rendering,rendeirng
twilight,twiight
golden,goldezn
forest,foresst
bokeh,obkeh
tree,treb
surface,surafce
sketch,skech
galaxy,gaalaxy
synthetic,synhtetic
river,riiver
futuristic,futruistic
surface,surfacre
render,rmnder
textured,textureed
nebula,nnebula
illustration,illsutration
painting,painitng
desert,deesert
unreal,unreat
seascape,sesacape
city,citty
cinematic,cinemtaic
car,car
city,cityy
digital,diggital
textured,textured
starry,tsarry
watercolor,watercolor
flare,fflare
pencil,pnncil
house,housse
painting,paintin
detailed,detaised
architectural,architewtural
lighting,lightigg
forest,forst
focus,foqus
majestic,majestoc
temple,temqle
focus,focuss
hour,hkour
futuristic,fuuturistic
lens,elns
city,cit
night,nightt
river,rivuer
canvas,canvays
majestic,maajestic
exposure,exposcure
sunrise,sunyrise
art,art
focus,foccus
nebula,neebula
flare,flre
hyper,hyyper
serene,seerene
peaceful,peaceul
saturation,saturaation
shadows,sthadows
photography,photgoraphy
sunrise,sunirse
car,car
hyper,hyyper
flare,fflare
oil,oil
dynamic,dybamic
bokeh,bokph
twilight,twiliglt
cyberpunk,cyberpuxk
hour,ohur
hyper,hytper
night,niight
ancient,anacient
lens,len
night,nighht
nebula,nebulka
tree,tee
contrast,cpontrast
atmosphere,atmosphere
forest,mforest
tree,trfee
detailed,detaivled
street,steet
architectural,architectural
anamorphic,naamorphic
elegant,eleganp
starry,starry
house,ouse
ocean,oceau
car,car
temple,temmple
sunrise,sunrse
focus,focus
contrast,cnotrast
car,car
composition,compositiion
twilight,twilighdt
shadows,shadwos
detailed,detailled
digital,digntal
cinematic,ciaematic
desert,deesrt
mountain,muntain
galaxy,galwaxy
textured,textrued
photography,hotography
village,village
nebula,neblua
museum,mueum
detailed,detailedd
vibrant,vbirant
sunrise,funrise
exhibition,ehxibition
ethereal,etherreal
peaceful,peacheful
mystical,mytsical
exhibition,exhibitiion
starry,staryr
futuristic,fuutristic
contrast,contrsat
village,village
futuristic,futursitic
monk,jmonk
watercolor,watercollor
bokeh,bokhe
textured,texturhd
art,art
ethereal,ethereeal
hyper,hayper
painting,paintinng
saturation,saturaion
car,car
neon,neeon
temple,templle
desert,desret
watercolor,watercolr
desert,deset
mystical,mystial
tree,tre
masterpiece,masterpice
street,steret
twilight,twiligght
ocean,oceaan
river,riiver
night,ngiht
river,rivver
landscape,lxandscape
exhibition,exhiibtion
organic,roganic
seascape,dseascape
dynamic,dynaqmic
canvas,uanvas
house,hose
mountain,ountain
monk,mmonk
monk,mmonk
neon,nuon
rendering,rendering
dusk,duskk
photography,hotography
ocean,oceann
ocean,ocen
architectural,archittectural
galaxy,galaaxy
house,hous
render,rendder
oil,oil
glowing,gowing
gallery,galley
render,rgender
surface,suraface
serene,serene
city,cisty
car,car
night,niget
dusk,dusa
seascape,seacsape
concept,roncept
twilight,twliight
river,rvier
volumetric,volumnetric
dusk,dusc
galaxy,galaxyy
vibrant,vibjant
seascape,meascape
desert,desert
city,icty
ancient,anicent
sketch,skecth
village,illage
peaceful,peacefful
exhibition,exhibitihn
monk,monk
art,art
oil,oil
ethereal,etherea
tree,treee
detailed,detaled
forest,forrest
textured,textuied
seascape,seasdcape
tree,htree
oil,oil
forest,foreest
neon,neo
ethereal,rthereal
mystical,mysotical
twilight,twilight
contrast,centrast
render,rener
elegant,elegvant
photorealistic,photorealisttic
river,riven
organic,oganic
futuristic,futuristic
art,art
painting,paintig
golden,goldeen
street,sreet
oil,oil
ancient,ancienyt
painting,paiinting
cinematic,cinematicc
city,ciyt
lighting,lihting
cinematic,cinematci
serene,kerene
ancient,anceint
galaxy,galaoy
painting,paintig
street,sttreet
mountain,mounatin
river,rriver
street,setreet
pencil,penqcil
sharp,shkrp
tree,trew
neon,nern
oil,oil
forest,forestt
landscape,landscapv
elegant,elegnt
village,villgae
majestic,majestjc
organic,oreanic
hour,hou
seascape,seavscape
cinematic,cinemaatic
river,riveer
ancient,aocient
bokeh,bokeo
neon,naon
ethereal,etherwal
bioluminescent,bioluminoescent
vibrant,vibranot
weathered,weathxered
desert,desertt
city,vcity
canvas,convas
digital,pdigital
tree,tre
dusk,dsk
river,rver
galaxy,gdlaxy
composition,compositin
volumetric,volumtric
anamorphic,anamoirphic
forest,foest
city,ctiy
rendering,erndering
galaxy,gaalxy
bioluminescent,bioluminecent
river,rivfer
art,art
ethereal,edthereal
rendering,renderng
organic,organicc
elegant,elkgant
night,night
car,car
hyper,hypre
lens,lpns
neon,enon
photography,hpotography
desert,deseert
contrast,contrastt
masterpiece,masteerpiece
river,irver
majestic,majestih
intricate,nitricate
serene,serenee
art,art
surface,surrface
synthetic,syntvetic
seascape,eascape
neon,ndeon
landscape,lanscape
composition,coposition
majestic,majesticc
render,rendefr
museum,mseum
contrast,ontrast
anamorphic,anamorphhic
dusk,dusk
river,rivver
street,stret
museum,muuseum
sketch,sketich
village,villase
render,rende
exposure,expousre
lighting,lightijng
canvas,canvias
peaceful,peackful
city,city
ethereal,ethhereal
starry,staory
mountain,moutnain
galaxy,ggalaxy
ancient,ancint
flare,fflare
sharp,shapr
render,repder
illustration,illustrationn
dynamic,dynami
lighting,lightng
pencil,penicil
exposure,expsoure
render,ender
river,iver
octane,octanse
cinematic,cincematic
forest,forgst
starry,tarry
engine,engnie
futuristic,futuristc
dynamic,dynamiic
house,housee
forest,fforest
